ticket_id,title,type,status,feedback_type,created,concept_count,concepts
T1320997,Queryable Mode - invalid and outdated info,InvalidInfo,Closed,Negative,2026-02-03T16:01:15.19,66,"Blazor, WinForms, Web API Service, Entity Framework Core, XPO, Non-persistent Object, Business Object, Business Logic, Authentication, Application Model, Views, Property Editors, List Editors, Layout, .NET Runtime, XAF Application, Object Space Provider, Database Connection, Object Relationships, Business Object Lifecycle, Collection Property, Reference Property, Calculated Property, Property Metadata, Criteria, Built-in Criteria Operators, Custom Criteria Functions, Multiple Databases, Direct SQL, Auto-Increment Fields, Optimistic Locking, Tree Node Interface, Database Update, View Types, List View, List View Data Access Modes, Detail View, Dashboard View, Lookup View, View Items, Static View Items, Dashboard View Items, Action Container View Items, View Customization, Master-Detail Views, Nested Views, View Variants, View Lifecycle, Layout Generation, Layout Runtime Customization, Popup Windows, Tree List, Property Editor Types, Standard Property Editors, Lookup Property Editors, Collection Property Editors, Specialized Property Editors, Property Editor Customization, Property Editor Features, Filtering UI, Spreadsheet Control, Validation, PivotGrid, Clone Object, Office Module, Performance Optimization"
T1320904,TreeList - Drag information is not recalculated when the Handled property is set to true,InsuffInfo,Active,Negative,2026-02-03T01:58:48.473,25,"WinForms, List Editors, Collection Property, Reference Property, Calculated Property, Property Metadata, Tree List, Controller Types, View Controller, Generic View Controllers, Object View Controllers, Window Controller, Dialog Controller, Controller Activation, Target Properties, Controller Lifecycle, Built-in Controllers, CRUD Controllers, List View Controllers, Controller Customization, Tabbed MDI Interface, Conditional Appearance, State Machine, Tenant, Threading Issues"
T1320766,Add a New .NET XAF Module to an XAF Application | XAF: Cross-Platform .NET App UI & Web API | DevExp,NewFeatureIssue,Active,Negative,2026-02-01T21:58:59.067,20,"Blazor, WinForms, Web API Service, Entity Framework Core, XPO, Non-persistent Object, Business Object, Business Logic, Views, .NET Runtime, XAF Application, Modules, Model Extension, Object Space Provider, View Variants, Controller Customization, Reports, Legacy .NET Framework, Migration, Project Wizards"
T1319820,Mail Merge - missing crucial XAF Blazor details,InsuffInfo,Closed,Negative,2026-01-21T15:24:27.97,61,"Blazor, Web API Service, Entity Framework Core, XPO, Non-persistent Object, Business Object, Business Logic, Application Model, Views, Property Editors, Layout, Model Extension, Object Space Provider, Database Connection, Object Relationships, Business Object Lifecycle, Collection Property, Reference Property, Calculated Property, Property Metadata, Criteria, Built-in Criteria Operators, Custom Criteria Functions, Multiple Databases, Direct SQL, Auto-Increment Fields, Optimistic Locking, Database Update, View Types, List View, List View Data Access Modes, Detail View, Dashboard View, Lookup View, View Items, Static View Items, Dashboard View Items, Action Container View Items, View Customization, Master-Detail Views, Nested Views, View Variants, View Lifecycle, Layout Generation, Layout Runtime Customization, Popup Windows, Standard Property Editors, Specialized Property Editors, Controller Types, Controller Customization, Filtering UI, Spreadsheet Control, Actions, Validation, Mail Merge, PivotGrid, Clone Object, Office Module, Tenant, Threading Issues, Legacy .NET Framework"
T1319293,Incorrect info about Standalone Model Editor in Blazor,InvalidInfo,Closed,Negative,2026-01-16T05:36:34.65,60,"Blazor, WinForms, Entity Framework Core, XPO, Business Object, Business Logic, Application Model, Views, Property Editors, Layout, Modules, Model Nodes, Model Editor, Model Differences, Model Cache, ApplicationBuilder, Object Space Provider, Database Connection, Object Relationships, Business Object Lifecycle, Property Metadata, View Types, List View, List View Data Access Modes, Detail View, Dashboard View, Lookup View, View Items, Static View Items, Dashboard View Items, Action Container View Items, View Customization, Master-Detail Views, Nested Views, View Variants, View Lifecycle, Layout Generation, Layout Runtime Customization, Popup Windows, Property Editor Types, Standard Property Editors, Lookup Property Editors, Collection Property Editors, Specialized Property Editors, Controller Types, View Controller, Generic View Controllers, Object View Controllers, Window Controller, Dialog Controller, Controller Activation, Target Properties, Controller Customization, Tabbed MDI Interface, Action Types, Simple Action, Parametrized Action, Popup Window Show Action, Single Choice Action, File Attachments"
T1318737,How to: Choose the Optimal Query Splitting Behavior in Entity Framework Core | XAF: Cross-Platform .,UnusableFeedback,Closed,PositiveWithConcerns,2026-01-12T22:23:43.467,55,"Blazor, WinForms, Web API Service, Entity Framework Core, XPO, Business Object, Business Logic, Security System, Authentication, Authorization, Views, List Editors, XAF Application, Model Extension, Model Cache, Middle Tier, Async Operations, Object Space Provider, Object Relationships, Business Object Lifecycle, Collection Property, Reference Property, Criteria, Built-in Criteria Operators, Custom Criteria Functions, View Types, List View, List View Data Access Modes, View Variants, Tree List, Controller Types, View Controller, Generic View Controllers, Object View Controllers, Window Controller, Dialog Controller, Controller Activation, Target Properties, Controller Lifecycle, Built-in Controllers, CRUD Controllers, List View Controllers, Controller Customization, Filtering UI, Security Strategy, Custom User Management, Permission Policies, Audit Trail, Conditional Appearance, State Machine, Tenant, Threading Issues, Performance Optimization, Memory Management, Scaling Architecture"
T1318183,XPO Extensions for ASP.NET Core Dependency Injection | XPO (.NET ORM Library) | DevExpress Documenta,UnusableFeedback,Closed,Negative,2026-01-06T11:38:43.17,43,"Blazor, WinForms, Web API Service, Entity Framework Core, XPO, Non-persistent Object, Business Object, Business Logic, Views, List Editors, .NET Runtime, XAF Application, Dependency Injection, Object Space Provider, Database Connection, Object Relationships, Business Object Lifecycle, Collection Property, Reference Property, Calculated Property, Property Metadata, Criteria, Built-in Criteria Operators, Custom Criteria Functions, Multiple Databases, Direct SQL, Auto-Increment Fields, Optimistic Locking, Database Update, Inline Editing, Tree List, Collection Property Editors, Controller Types, Controller Customization, Tabbed MDI Interface, Filtering UI, Spreadsheet Control, Action State Management, Validation, State Machine, PivotGrid, Clone Object, Threading Issues"
T1317879,You have a new 'GitHub Examples  User Feedback' response.,PositiveFeedback,Closed,Positive,2025-12-30T12:01:09.927,50,"Web API Service, Entity Framework Core, XPO, Non-persistent Object, Business Object, Business Logic, Authorization, Application Model, Views, Layout, Model Nodes, Model Editor, Model Differences, Model Extension, Model Cache, ApplicationBuilder, Object Space Provider, Database Connection, Collection Property, Reference Property, Calculated Property, Property Metadata, Criteria, Database Update, View Types, List View, List View Data Access Modes, Detail View, Dashboard View, Lookup View, View Items, Static View Items, Dashboard View Items, Action Container View Items, View Customization, Master-Detail Views, Nested Views, View Variants, View Lifecycle, Layout Generation, Layout Runtime Customization, Popup Windows, Lookup Property Editors, Controller Activation, Target Properties, Controller Customization, Permission Policies, Clone Object, Tenant, Threading Issues"
T1317180,How to: Perform CRUD Operations with Non-Persistent Objects | XAF: Cross-Platform .NET App UI & Web ,InsuffCode,Closed,PositiveWithConcerns,2025-12-18T22:04:37.47,35,"Blazor, WinForms, Web API Service, Entity Framework Core, XPO, Non-persistent Object, Business Object, Business Logic, Views, Property Editors, List Editors, Controllers and Actions, Layout, XAF Application, Model Extension, Object Space Provider, Object Relationships, Business Object Lifecycle, Criteria, View Types, List View, Detail View, Lookup View, Layout Generation, Layout Runtime Customization, Lookup Property Editors, Object View Controllers, CRUD Controllers, Tabbed MDI Interface, Accordion Control, Navigation, Actions, Action Containers, Conditional Appearance, Memory Management"
T1317104,"When is the function ""UpdateDatabaseAfterUpdateSchema"" invoked",InsuffInfo,Closed,Negative,2025-12-18T10:57:32.413,18,"Blazor, Web API Service, Entity Framework Core, XPO, Business Logic, XAF Application, Model Extension, Middle Tier, Object Space Provider, Database Update, View Variants, Built-in Controllers, CRUD Controllers, List View Controllers, Built-in Actions, Deployment, Logging, Diagnostic Tools"
T1317092,Add and Replace Icons | XAF: Cross-Platform .NET App UI & Web API | DevExpress Documentation,InsuffInfo,Archived,PositiveWithConcerns,2025-12-18T10:34:38.183,44,"Blazor, WinForms, Web API Service, Entity Framework Core, XPO, Non-persistent Object, Business Object, Business Logic, Views, Property Editors, Controllers and Actions, .NET Runtime, XAF Application, Model Extension, Object Space Provider, Database Connection, Object Relationships, Business Object Lifecycle, Collection Property, Reference Property, Calculated Property, Property Metadata, Criteria, Built-in Criteria Operators, Custom Criteria Functions, Multiple Databases, Direct SQL, Auto-Increment Fields, Optimistic Locking, Database Update, View Items, Action Container View Items, Tabbed MDI Interface, Filtering UI, Spreadsheet Control, Actions, Action Types, Simple Action, Action Customization, Validation, Custom Validation Rules, Error Styling, PivotGrid, Clone Object"
T1316089,"Incorrect code for the ""Type Properties in XPO"" help topic",InvalidCode,Closed,Negative,2025-12-08T16:53:43.23,94,"WinForms, Web API Service, Entity Framework Core, XPO, Non-persistent Object, Business Object, Business Logic, Security System, Authentication, Authorization, Application Model, Views, Property Editors, Layout, XAF Application, Model Nodes, Model Extension, Middle Tier, Object Space Provider, Database Connection, Object Relationships, Business Object Lifecycle, Collection Property, Reference Property, Calculated Property, Property Metadata, Criteria, Built-in Criteria Operators, Custom Criteria Functions, Multiple Databases, Direct SQL, Auto-Increment Fields, Optimistic Locking, Database Update, View Types, List View, List View Data Access Modes, Detail View, Dashboard View, Lookup View, View Items, Static View Items, Dashboard View Items, Action Container View Items, View Customization, Master-Detail Views, Nested Views, View Variants, View Lifecycle, Layout Generation, Layout Runtime Customization, Popup Windows, Property Editor Types, Standard Property Editors, Lookup Property Editors, Collection Property Editors, Specialized Property Editors, Property Editor Customization, Property Editor Features, Controller Types, View Controller, Generic View Controllers, Object View Controllers, Window Controller, Dialog Controller, Controller Activation, Target Properties, Controller Lifecycle, Built-in Controllers, CRUD Controllers, List View Controllers, Controller Customization, Tabbed MDI Interface, Filtering UI, Spreadsheet Control, Action Types, Simple Action, Parametrized Action, Popup Window Show Action, Single Choice Action, Built-in Actions, Security Strategy, Custom User Management, Permission Policies, Audit Trail, Validation, Conditional Appearance, State Machine, PivotGrid, Clone Object, Office Module, Tenant, Threading Issues, Performance Optimization"
T1315984,'Update Database Schema and Migrations in EF Core' has invalid info about Automatic Updates,InvalidInfo,Closed,Negative,2025-12-08T13:31:35.51,60,"Web API Service, Entity Framework Core, XPO, Non-persistent Object, Business Object, Business Logic, Security System, Authentication, Authorization, Application Model, Views, Layout, Model Extension, Middle Tier, Object Space Provider, Database Connection, Object Relationships, Business Object Lifecycle, Collection Property, Reference Property, Calculated Property, Property Metadata, Criteria, Built-in Criteria Operators, Custom Criteria Functions, Multiple Databases, Direct SQL, Auto-Increment Fields, Optimistic Locking, Database Update, View Types, List View, List View Data Access Modes, Detail View, Dashboard View, Lookup View, View Items, Static View Items, Dashboard View Items, Action Container View Items, View Customization, Master-Detail Views, Nested Views, View Variants, View Lifecycle, Layout Generation, Layout Runtime Customization, Popup Windows, Filtering UI, Spreadsheet Control, Security Strategy, Custom User Management, Permission Policies, Audit Trail, Validation, Reports, PivotGrid, Clone Object, Tenant, Threading Issues"
T1315692,ObjectCaptionFormatAttribute Class - old info was lost,InsuffInfo,Archived,Negative,2025-12-04T14:10:47.83,27,"WinForms, Business Object, Application Model, Frames, Windows, Application Templates, XAF Application, Model Nodes, Object Relationships, Business Object Lifecycle, Collection Property, Reference Property, Calculated Property, Property Metadata, Custom Criteria Functions, View Customization, View Variants, Layout Runtime Customization, Property Editor Customization, Controller Customization, Tabbed MDI Interface, Theming, Action Customization, Custom User Management, Custom Validation Rules, Programmatic Localization, Legacy .NET Framework"
T1315302,Need to rewrite code in the TreeList - Flat data source help topic,InsuffCode,Closed,Negative,2025-12-01T13:25:21.99,71,"Blazor, Web API Service, Entity Framework Core, XPO, Non-persistent Object, Business Object, Business Logic, Security System, Authentication, Authorization, Application Model, Views, Property Editors, List Editors, Layout, Model Extension, Model Cache, Middle Tier, Async Operations, Object Space Provider, Database Connection, Object Relationships, Business Object Lifecycle, Collection Property, Reference Property, Calculated Property, Property Metadata, Criteria, Built-in Criteria Operators, Custom Criteria Functions, Multiple Databases, Direct SQL, Auto-Increment Fields, Optimistic Locking, Tree Node Interface, Database Update, View Types, List View, List View Data Access Modes, Detail View, Dashboard View, Lookup View, View Items, Static View Items, Dashboard View Items, Action Container View Items, View Customization, Master-Detail Views, Nested Views, View Variants, View Lifecycle, Layout Generation, Layout Runtime Customization, Popup Windows, Tree List, Controller Types, Filtering UI, Spreadsheet Control, Security Strategy, Custom User Management, Permission Policies, Audit Trail, Validation, Reports, PivotGrid, Clone Object, Tenant, Threading Issues, Performance Optimization, Memory Management, Scaling Architecture"
T1314402,Missing one step of the process - Implement a Property Editor Based on a Custom Component (Blazor),InsuffInfo,Archived,Negative,2025-11-21T09:04:58.73,43,"Blazor, Non-persistent Object, Application Model, Views, Property Editors, List Editors, Layout, Model Extension, Object Relationships, Business Object Lifecycle, Collection Property, Reference Property, Calculated Property, Property Metadata, Direct SQL, View Types, List View, List View Data Access Modes, Detail View, Dashboard View, Lookup View, View Items, Static View Items, Dashboard View Items, Action Container View Items, View Customization, Master-Detail Views, Nested Views, View Variants, View Lifecycle, Layout Generation, Layout Runtime Customization, Popup Windows, Lookup Property Editors, Property Editor Customization, Controller Types, Object View Controllers, List View Controllers, Spreadsheet Control, Accordion Control, Action Containers, Report Parameters, Threading Issues"
T1314393,You have a new 'GitHub Examples  User Feedback' response.,UnusableFeedback,Closed,Negative,2025-11-21T08:27:26.263,30,"Entity Framework Core, XPO, Non-persistent Object, Business Object, Business Logic, Object Space Provider, Database Connection, Object Relationships, Business Object Lifecycle, Collection Property, Reference Property, Calculated Property, Property Metadata, Criteria, Built-in Criteria Operators, Custom Criteria Functions, Multiple Databases, Direct SQL, Auto-Increment Fields, Optimistic Locking, Database Update, View Items, Static View Items, Dashboard View Items, Action Container View Items, Filtering UI, Spreadsheet Control, Validation, PivotGrid, Clone Object"
T1314388,You have a new 'GitHub Examples  User Feedback' response.,UnusableFeedback,Closed,Positive,2025-11-21T08:27:24.393,27,"Views, List Editors, Collection Property, Reference Property, Calculated Property, Property Metadata, View Types, List View, View Items, Static View Items, Dashboard View Items, Action Container View Items, Controller Types, View Controller, Generic View Controllers, Object View Controllers, Window Controller, Dialog Controller, Controller Activation, Target Properties, Controller Lifecycle, Built-in Controllers, CRUD Controllers, List View Controllers, Controller Customization, Conditional Appearance, State Machine"
T1314301,Detrimental information - Calculate a Property Value Based on Values from a Detail Collection,HardToUnderstand,Closed,Negative,2025-11-20T14:46:31.407,42,"Web API Service, Entity Framework Core, XPO, Non-persistent Object, Business Object, Business Logic, Security System, Authentication, Authorization, Property Editors, List Editors, Model Extension, Middle Tier, Object Space Provider, Database Connection, Object Relationships, Business Object Lifecycle, Collection Property, Reference Property, Calculated Property, Property Metadata, Criteria, Built-in Criteria Operators, Custom Criteria Functions, Multiple Databases, Direct SQL, Auto-Increment Fields, Optimistic Locking, Database Update, Tree List, Collection Property Editors, Filtering UI, Spreadsheet Control, Security Strategy, Custom User Management, Permission Policies, Audit Trail, Validation, PivotGrid, Clone Object, Tenant, Threading Issues"
T1313736,Incorrect class name for TagBoxListPropertyEditor,InvalidInfo,Closed,Negative,2025-11-14T07:33:49.507,53,"Blazor, Entity Framework Core, XPO, Non-persistent Object, Business Object, Business Logic, List Editors, Object Space Provider, Database Connection, Object Relationships, Business Object Lifecycle, Collection Property, Reference Property, Calculated Property, Property Metadata, Criteria, Built-in Criteria Operators, Custom Criteria Functions, Multiple Databases, Direct SQL, Auto-Increment Fields, Optimistic Locking, Database Update, View Types, List View, Detail View, Dashboard View, Lookup View, Tree List, Property Editor Types, Standard Property Editors, Lookup Property Editors, Collection Property Editors, Specialized Property Editors, Property Editor Customization, Property Editor Features, Controller Types, View Controller, Generic View Controllers, Object View Controllers, Window Controller, Dialog Controller, Filtering UI, Spreadsheet Control, Action Types, Simple Action, Parametrized Action, Popup Window Show Action, Single Choice Action, Validation, PivotGrid, Clone Object, Office Module"
T1313595,"Describe why  ""unsafe-inline"" in CSP is required in XAF Blazor Apps",InsuffInfo,Archived,Negative,2025-11-13T07:57:55.073,11,"Blazor, Web API Service, Security System, Authentication, Authorization, Middle Tier, Security Strategy, Custom User Management, Permission Policies, Audit Trail, Clone Object"
T1313180,"The translation dialog appears in browser, as the language is changed several seconds after app load",InsuffInfo,Archived,Negative,2025-11-10T11:42:41.283,3,"Blazor, XAF Application, Programmatic Localization"
T1311731,Custom EasyTest Commands | XAF: Cross-Platform .NET App UI & Web API | DevExpress Documentation,InsuffCode,Archived,Negative,2025-10-27T13:19:34.63,28,"Blazor, WinForms, Web API Service, Business Logic, Views, Property Editors, Controllers and Actions, XAF Application, Model Extension, Object Space Provider, Lookup View, Tabbed MDI Interface, Context Menus, Spreadsheet Control, Navigation, Actions, Action Types, Simple Action, Parametrized Action, Popup Window Show Action, Single Choice Action, Action Containers, Action State Management, Action Customization, Built-in Actions, Report Parameters, Testing, Diagnostic Tools"
T1310514,Obsolete information about CreateDefaultObjectSpaceProvider,InvalidInfo,Closed,Negative,2025-10-15T00:32:54.057,56,"Blazor, WinForms, Web API Service, Entity Framework Core, XPO, Non-persistent Object, Business Object, Business Logic, Security System, Application Model, Views, Layout, .NET Runtime, XAF Application, Object Space Provider, Database Connection, Object Relationships, Business Object Lifecycle, Collection Property, Reference Property, Calculated Property, Property Metadata, Criteria, Built-in Criteria Operators, Custom Criteria Functions, Multiple Databases, Direct SQL, Auto-Increment Fields, Optimistic Locking, Database Update, View Types, List View, List View Data Access Modes, Detail View, Dashboard View, Lookup View, View Items, Static View Items, Dashboard View Items, Action Container View Items, View Customization, Master-Detail Views, Nested Views, View Variants, View Lifecycle, Layout Generation, Layout Runtime Customization, Popup Windows, Tabbed MDI Interface, Filtering UI, Spreadsheet Control, Validation, PivotGrid, Clone Object, Template Kit, Legacy .NET Framework"
T1309586,Improve BlazorControlViewItem help topic,HardToUnderstand,Archived,Negative,2025-10-06T08:17:31.663,47,"Blazor, Web API Service, Entity Framework Core, XPO, Non-persistent Object, Business Object, Business Logic, Security System, Views, Property Editors, XAF Application, Model Extension, Object Space Provider, Database Connection, Object Relationships, Business Object Lifecycle, Collection Property, Reference Property, Calculated Property, Property Metadata, Criteria, Built-in Criteria Operators, Custom Criteria Functions, Multiple Databases, Direct SQL, Auto-Increment Fields, Optimistic Locking, Database Update, View Types, Property Editor Types, Standard Property Editors, Lookup Property Editors, Collection Property Editors, Specialized Property Editors, Property Editor Customization, Property Editor Features, Controller Types, Controller Customization, Filtering UI, Spreadsheet Control, Validation, PivotGrid, Clone Object, Office Module, Tenant, Threading Issues, Demo Applications"
T1309299,Readme of the 'sequential generator' example is outdated,NewFeatureIssue,Archived,Negative,2025-10-02T04:39:33.717,37,"Blazor, Entity Framework Core, XPO, Business Object, Business Logic, Application Model, Views, List Editors, Layout, Model Nodes, Model Editor, Model Differences, Model Extension, Model Cache, ApplicationBuilder, Database Connection, Auto-Increment Fields, View Types, List View, List View Data Access Modes, Detail View, Dashboard View, Lookup View, View Items, Static View Items, Dashboard View Items, Action Container View Items, View Customization, Master-Detail Views, Nested Views, View Variants, View Lifecycle, Layout Generation, Layout Runtime Customization, Popup Windows, Controller Activation, Target Properties"
T1309006,Format a Property Value | XAF: Cross-Platform .NET App UI & Web API | DevExpress Documentation,UnusableFeedback,Closed,PositiveWithConcerns,2025-09-30T00:50:35.86,53,"Blazor, WinForms, Web API Service, Entity Framework Core, XPO, Non-persistent Object, Business Object, Business Logic, Application Model, Views, Property Editors, Windows, Layout, XAF Application, Model Editor, Model Extension, Object Space Provider, Database Connection, Object Relationships, Business Object Lifecycle, Collection Property, Reference Property, Calculated Property, Property Metadata, Criteria, Built-in Criteria Operators, Custom Criteria Functions, Multiple Databases, Direct SQL, Auto-Increment Fields, Optimistic Locking, Database Update, View Types, Detail View, View Items, View Variants, Layout Generation, Layout Runtime Customization, Property Editor Types, Standard Property Editors, Lookup Property Editors, Collection Property Editors, Specialized Property Editors, Property Editor Customization, Property Editor Features, Filtering UI, Spreadsheet Control, Accordion Control, Action Containers, Validation, PivotGrid, Clone Object, Office Module"
T1308472,audit-trail-module-xpo doesn't reflect changes from BC about non-persistent properties,InvalidInfo,Closed,Negative,2025-09-24T12:49:35.713,26,"XPO, Non-persistent Object, Business Object, Business Logic, Application Model, Views, Layout, View Types, List View, List View Data Access Modes, Detail View, Dashboard View, Lookup View, View Items, Static View Items, Dashboard View Items, Action Container View Items, View Customization, Master-Detail Views, Nested Views, View Variants, View Lifecycle, Layout Generation, Layout Runtime Customization, Popup Windows, Audit Trail"
T1308267,Mistake in How to Add an Unbound Control help topic,InvalidInfo,Closed,Negative,2025-09-23T08:00:32.103,6,"Property Editors, Spreadsheet Control, Reports, Report Parameters, Reports V2, Mail Merge"
T1306647,Use the Security System - missing essential DbSets,InsuffInfo,Closed,Negative,2025-09-08T23:29:29.887,23,"Web API Service, Entity Framework Core, XPO, Business Logic, Security System, Authentication, Authorization, Application Model, XAF Application, Model Differences, Model Extension, Middle Tier, Object Relationships, Business Object Lifecycle, Built-in Controllers, CRUD Controllers, List View Controllers, Built-in Actions, Security Strategy, Custom User Management, Permission Policies, Audit Trail, File Attachments"
T1306344,Unable to use the FieldListMaxExpandLevelOnSearch property in web,NonDocScenario,Closed,Negative,2025-09-04T13:25:32.203,14,"Blazor, WinForms, List Editors, Collection Property, Reference Property, Calculated Property, Property Metadata, Tree List, Lookup Property Editors, Collection Property Editors, Reports, Dashboards, Tenant, Threading Issues"
T1306062,Create a Calculated Property - useless instruction,InvalidInfo,Closed,Negative,2025-09-02T21:51:53.947,7,"Business Logic, Collection Property, Reference Property, Calculated Property, Property Metadata, Lookup Property Editors, Controller Customization"
T1305694,Create a Calculated Property | XAF: Cross-Platform .NET App UI & Web API | DevExpress Documentation,InvalidInfo,Closed,PositiveWithConcerns,2025-08-29T12:12:30.807,45,"Blazor, WinForms, Web API Service, Entity Framework Core, XPO, Non-persistent Object, Business Object, Business Logic, Views, Property Editors, List Editors, Model Extension, Object Space Provider, Database Connection, Object Relationships, Business Object Lifecycle, Collection Property, Reference Property, Calculated Property, Property Metadata, Criteria, Built-in Criteria Operators, Custom Criteria Functions, Multiple Databases, Direct SQL, Auto-Increment Fields, Optimistic Locking, Database Update, View Types, List View, Inline Editing, Tree List, Lookup Property Editors, Collection Property Editors, Property Editor Features, Object View Controllers, List View Controllers, Controller Customization, Tabbed MDI Interface, Filtering UI, Spreadsheet Control, Validation, Conditional Appearance, PivotGrid, Clone Object"
T1304752,How to: Display a List View With Data From a Stored Procedure From the Navigation | XAF: Cross-Platf,InvalidCode,Closed,PositiveWithConcerns,2025-08-21T07:02:09.033,59,"Blazor, WinForms, Web API Service, Entity Framework Core, XPO, Non-persistent Object, Business Object, Business Logic, Application Model, Views, List Editors, Layout, Model Extension, Object Space Provider, Database Connection, Object Relationships, Business Object Lifecycle, Collection Property, Reference Property, Calculated Property, Property Metadata, Criteria, Built-in Criteria Operators, Custom Criteria Functions, Multiple Databases, Direct SQL, Auto-Increment Fields, Optimistic Locking, Database Update, View Types, List View, List View Data Access Modes, Detail View, Dashboard View, Lookup View, View Items, Static View Items, Dashboard View Items, Action Container View Items, View Customization, Master-Detail Views, Nested Views, View Variants, View Lifecycle, Layout Generation, Layout Runtime Customization, Popup Windows, Object View Controllers, List View Controllers, Tabbed MDI Interface, Filtering UI, Spreadsheet Control, Navigation, Validation, Report Parameters, Scheduler, Recurring Events, PivotGrid, Clone Object"
T1304108,Function Criteria Operators contains string that lead to a parse exception,InvalidCode,Closed,Negative,2025-08-14T11:11:55.677,10,"Authentication, Views, List Editors, Model Extension, Criteria, Built-in Criteria Operators, Custom Criteria Functions, View Types, Filtering UI, Conditional Appearance"
T1303785,View Variants (Switch Document Layouts) | XAF: Cross-Platform .NET App UI & Web API | DevExpress Doc,UnusableFeedback,Closed,PositiveWithConcerns,2025-08-12T11:02:08.007,44,"Blazor, WinForms, Web API Service, Non-persistent Object, Business Logic, Application Model, Views, List Editors, Controllers and Actions, Windows, Layout, .NET Runtime, XAF Application, Model Differences, Model Extension, Object Space Provider, Object Relationships, Business Object Lifecycle, View Types, List View, List View Data Access Modes, Detail View, Dashboard View, Lookup View, View Items, Static View Items, Dashboard View Items, Action Container View Items, View Customization, Master-Detail Views, Nested Views, View Variants, View Lifecycle, Layout Generation, Layout Runtime Customization, Popup Windows, Object View Controllers, Built-in Controllers, List View Controllers, Controller Customization, Navigation, Action State Management, State Machine, Clone Object"
T1303625,Display a Tree List using the ITreeNode Interface | XAF: Cross-Platform .NET App UI & Web API | DevE,InvalidCode,Archived,PositiveWithConcerns,2025-08-11T10:02:08.12,62,"Blazor, WinForms, Web API Service, Entity Framework Core, XPO, Non-persistent Object, Business Object, Business Logic, Application Model, Views, List Editors, Controllers and Actions, Windows, Layout, .NET Runtime, XAF Application, Model Extension, Object Space Provider, Tree Node Interface, View Types, List View, List View Data Access Modes, Detail View, Dashboard View, Lookup View, View Items, Static View Items, Dashboard View Items, Action Container View Items, View Customization, Master-Detail Views, Nested Views, View Variants, View Lifecycle, Layout Generation, Layout Runtime Customization, Popup Windows, Tree List, Property Editor Types, Standard Property Editors, Lookup Property Editors, Collection Property Editors, Specialized Property Editors, Property Editor Customization, Property Editor Features, Controller Types, View Controller, Generic View Controllers, Object View Controllers, Window Controller, Dialog Controller, Tabbed MDI Interface, Actions, Action Types, Simple Action, Parametrized Action, Popup Window Show Action, Single Choice Action, Office Module, Testing, Logging, Diagnostic Tools"
T1303299,Scehduler configuration docs are difficult to find,HardToFind,Archived,Negative,2025-08-07T07:38:37.353,26,"Blazor, Application Model, Views, List Editors, XAF Application, Model Nodes, Model Editor, Model Differences, Model Extension, Model Cache, ApplicationBuilder, Database Connection, Collection Property, Reference Property, Calculated Property, Property Metadata, Criteria, Built-in Criteria Operators, Custom Criteria Functions, View Types, Lookup Property Editors, Controller Activation, Target Properties, Filtering UI, Scheduler, Recurring Events"
T1300621,'How to Add an Unbound Control' has wrong info,InvalidInfo,Closed,Negative,2025-07-21T12:17:41.573,16,"WinForms, Business Logic, Views, Property Editors, Controllers and Actions, View Types, Detail View, View Items, Nested Views, Object View Controllers, Controller Customization, Tabbed MDI Interface, Context Menus, Spreadsheet Control, Mail Merge, Office Module"
T1300308,Missing info about contradiction between Template Localization and Satellite Assemblies (Localizatio,InsuffInfo,Archived,Negative,2025-07-17T22:13:58.517,33,"WinForms, Web API Service, Entity Framework Core, XPO, Non-persistent Object, Business Object, Business Logic, Application Model, Property Editors, XAF Application, Object Space Provider, Database Connection, Object Relationships, Business Object Lifecycle, Collection Property, Reference Property, Calculated Property, Property Metadata, Criteria, Built-in Criteria Operators, Custom Criteria Functions, Multiple Databases, Direct SQL, Auto-Increment Fields, Optimistic Locking, Database Update, Tabbed MDI Interface, Filtering UI, Spreadsheet Control, Validation, PivotGrid, Clone Object, Programmatic Localization"
T1296694,ModelValidationRulesNodeGenerator Class | XAF: Cross-Platform .NET App UI & Web API | DevExpress Doc,InvalidInfo,Closed,PositiveWithConcerns,2025-06-20T16:45:47.907,22,"Blazor, WinForms, Web API Service, Entity Framework Core, XPO, Non-persistent Object, Business Object, Business Logic, Application Model, Views, .NET Runtime, XAF Application, Model Extension, Object Space Provider, Object Relationships, Business Object Lifecycle, Tabbed MDI Interface, Navigation, Validation, Custom Validation Rules, Error Styling, Office Module"
T1295602,Soft Deletion (Deferred Object Deletion) | XAF: Cross-Platform .NET App UI & Web API | DevExpress Do,InsuffCode,Closed,PositiveWithConcerns,2025-06-12T17:25:30.77,25,"Blazor, WinForms, Web API Service, Entity Framework Core, XPO, Business Object, Business Logic, Application Model, Views, Model Nodes, Model Editor, Model Differences, Model Extension, Model Cache, ApplicationBuilder, Object Space Provider, Database Connection, Object Relationships, Business Object Lifecycle, Collection Property, Reference Property, Calculated Property, Property Metadata, Controller Activation, Target Properties"
T1293448,Describe new XAF0033 warning,NewFeatureIssue,Closed,Negative,2025-05-27T15:56:31.933,12,"Entity Framework Core, XPO, Business Object, Model Extension, Collection Property, Reference Property, Calculated Property, Property Metadata, View Variants, Testing, Logging, Diagnostic Tools"
T1292571,Action hidden by a Conditional Appearance Rule appears as disabled in List Views,InsuffInfo,Closed,Negative,2025-05-21T10:51:00.1,63,"Blazor, Application Model, Views, List Editors, Controllers and Actions, Layout, XAF Application, Model Extension, Model Cache, Async Operations, Collection Property, Reference Property, Calculated Property, Property Metadata, View Types, List View, List View Data Access Modes, Detail View, Dashboard View, Lookup View, View Items, Static View Items, Dashboard View Items, Action Container View Items, View Customization, Master-Detail Views, Nested Views, View Variants, View Lifecycle, Layout Generation, Layout Runtime Customization, Popup Windows, Property Editor Types, Standard Property Editors, Lookup Property Editors, Collection Property Editors, Specialized Property Editors, Property Editor Customization, Property Editor Features, Controller Types, View Controller, Generic View Controllers, Object View Controllers, Window Controller, Dialog Controller, Controller Activation, Target Properties, Controller Lifecycle, Built-in Controllers, CRUD Controllers, List View Controllers, Controller Customization, Actions, Action Types, Simple Action, Conditional Appearance, State Machine, Office Module, Tenant, Threading Issues, Performance Optimization, Memory Management, Scaling Architecture"
T1289742,Add documentation about how to use xUnit,InsuffInfo,Archived,Negative,2025-05-01T05:23:30.213,19,"Business Logic, List Editors, Controllers and Actions, Model Extension, Lookup View, Lookup Property Editors, Controller Customization, Context Menus, Actions, Action Types, Simple Action, Parametrized Action, Popup Window Show Action, Single Choice Action, Action Containers, Action State Management, Action Customization, Built-in Actions, Testing"
T1289372,ModificationsCheckingMode  + new item row limitiation,InsuffInfo,Closed,Negative,2025-04-29T12:10:05.317,14,"Blazor, Web API Service, Entity Framework Core, XPO, Business Logic, Windows, Model Extension, Object Space Provider, CRUD Controllers, Mail Merge, Office Module, Tenant, Threading Issues, Legacy .NET Framework"
T1286784,"FROM PM: Add a note about Visual Studio code style settings, which lead to runtime errors",InsuffInfo,Archived,Negative,2025-04-10T10:13:01.217,22,"WinForms, Non-persistent Object, Business Logic, Views, Controllers and Actions, Application Templates, .NET Runtime, Modules, Model Extension, View Items, Static View Items, Dashboard View Items, Action Container View Items, Layout Generation, Controller Customization, Tabbed MDI Interface, Reports, Report Parameters, Reports V2, Mail Merge, Tenant, Threading Issues"
T1286688,FROM PM: Add a Collapse/Expand TreeList Nodes section to the TreeList Editors Module docs,InsuffCode,Closed,Negative,2025-04-09T20:50:21.44,37,"Blazor, Business Logic, Security System, Views, Property Editors, List Editors, Controllers and Actions, XAF Application, Model Extension, Criteria, Built-in Criteria Operators, Custom Criteria Functions, Tree Node Interface, View Types, View Variants, View Lifecycle, Tree List, Property Editor Types, Standard Property Editors, Lookup Property Editors, Collection Property Editors, Specialized Property Editors, Property Editor Customization, Property Editor Features, View Controller, Generic View Controllers, Object View Controllers, Controller Activation, Controller Lifecycle, Controller Customization, Filtering UI, Spreadsheet Control, Scheduler, Recurring Events, Notifications, Clone Object, Office Module"
T1285906,OAuth and Custom Authentication - a crucial aspect is not emphasized,InsuffInfo,Archived,Negative,2025-04-04T20:23:14.897,45,"WinForms, Web API Service, Entity Framework Core, XPO, Non-persistent Object, Business Object, Business Logic, Security System, Authentication, Authorization, Views, XAF Application, Model Extension, Middle Tier, Object Space Provider, Database Connection, Object Relationships, Business Object Lifecycle, Collection Property, Reference Property, Calculated Property, Property Metadata, Criteria, Built-in Criteria Operators, Custom Criteria Functions, Multiple Databases, Direct SQL, Auto-Increment Fields, Optimistic Locking, Database Update, View Types, Built-in Controllers, CRUD Controllers, List View Controllers, Tabbed MDI Interface, Filtering UI, Spreadsheet Control, Built-in Actions, Security Strategy, Custom User Management, Permission Policies, Audit Trail, Validation, PivotGrid, Clone Object"
T1285512,Supply Additional Logon Parameters article doesn't consider Middle-Tier scenario,InvalidInfo,Closed,Negative,2025-04-03T05:19:03.9,20,"WinForms, Web API Service, Entity Framework Core, XPO, Business Logic, Security System, Authentication, Authorization, Model Extension, Middle Tier, Object Space Provider, Controller Types, Tabbed MDI Interface, Security Strategy, Custom User Management, Permission Policies, Audit Trail, Report Parameters, Tenant, Threading Issues"
T1283433,[S ] Key Properties - EF Core string key property,InsuffInfo,Archived,,2025-03-20T21:07:59.05,51,"Entity Framework Core, XPO, Non-persistent Object, Business Object, Business Logic, Object Space Provider, Database Connection, Object Relationships, Business Object Lifecycle, Collection Property, Reference Property, Calculated Property, Property Metadata, Criteria, Built-in Criteria Operators, Custom Criteria Functions, Multiple Databases, Direct SQL, Auto-Increment Fields, Optimistic Locking, Database Update, View Types, List View, Detail View, Dashboard View, Lookup View, Property Editor Types, Standard Property Editors, Lookup Property Editors, Collection Property Editors, Specialized Property Editors, Property Editor Customization, Property Editor Features, Controller Types, View Controller, Generic View Controllers, Object View Controllers, Window Controller, Dialog Controller, Filtering UI, Spreadsheet Control, Action Types, Simple Action, Parametrized Action, Popup Window Show Action, Single Choice Action, Validation, PivotGrid, Clone Object, Office Module, Threading Issues"
T1282975,Typo in the code snippet - ExceptionService Class,InvalidCode,Closed,,2025-03-18T20:20:39.273,1,Model Extension
T1282060,Implement a Property Editor Based on a Custom Component ,InsuffInfo,Archived,,2025-03-13T06:11:19.22,7,"Blazor, Property Editors, Collection Property, Reference Property, Calculated Property, Property Metadata, Controller Types"
T1282054,IReportDataSourceHelper.BeforeShowPreview wrong info,InvalidInfo,Closed,,2025-03-13T05:41:55.83,4,"Model Extension, Report Parameters, Reports V2, Demo Applications"
T1280629,"Outdated info in the ""DxGridListEditor Class"" help topic",InvalidInfo,Closed,,2025-03-04T20:09:23.35,42,"Blazor, Entity Framework Core, XPO, Non-persistent Object, Business Object, Business Logic, List Editors, Object Space Provider, Database Connection, Object Relationships, Business Object Lifecycle, Collection Property, Reference Property, Calculated Property, Property Metadata, Criteria, Built-in Criteria Operators, Custom Criteria Functions, Multiple Databases, Direct SQL, Auto-Increment Fields, Optimistic Locking, Database Update, List View, List View Data Access Modes, Inline Editing, Property Editor Types, Standard Property Editors, Lookup Property Editors, Collection Property Editors, Specialized Property Editors, Property Editor Customization, Property Editor Features, Filtering UI, Spreadsheet Control, Validation, Reports, PivotGrid, Clone Object, Office Module, Tenant, Threading Issues"
T1280134,Help topic misses links to XPO examples,InsuffInfo,Closed,,2025-02-28T20:55:59.473,30,"Entity Framework Core, XPO, Non-persistent Object, Business Object, Business Logic, Security System, Authentication, List Editors, Object Space Provider, Database Connection, Object Relationships, Business Object Lifecycle, Collection Property, Reference Property, Calculated Property, Property Metadata, Criteria, Built-in Criteria Operators, Custom Criteria Functions, Multiple Databases, Direct SQL, Auto-Increment Fields, Optimistic Locking, Database Update, Filtering UI, Spreadsheet Control, Validation, File Attachments, PivotGrid, Clone Object"
T1279094,[S 3] A missing example of using CustomCreateObjectSpaceProvider ,InsuffCode,Archived,,2025-02-24T10:29:35.913,44,"Entity Framework Core, XPO, Non-persistent Object, Business Object, Business Logic, Security System, Authentication, Authorization, Application Model, Modules, Model Nodes, Model Editor, Model Differences, Model Extension, Model Cache, ApplicationBuilder, Object Space Provider, Database Connection, Object Relationships, Business Object Lifecycle, Collection Property, Reference Property, Calculated Property, Property Metadata, Criteria, Built-in Criteria Operators, Custom Criteria Functions, Multiple Databases, Direct SQL, Auto-Increment Fields, Optimistic Locking, Database Update, View Variants, Controller Activation, Target Properties, Filtering UI, Spreadsheet Control, Validation, Conditional Appearance, Mail Merge, PivotGrid, Clone Object, Office Module, Testing"
