doc_id,keywords,keyword_count,has_deployment_tag,current_concepts,namespaces,apis
data/raw_md/apidoc/DevExpress.ExpressApp.ApplicationBuilder/XPObjectSpaceProviderOptions/ConnectionString,"connectionstring, applicationbuilder",2,False,"Database Connection, Object Space, XPO",,"DevExpress.ExpressApp.ApplicationBuilder.XPObjectSpaceProviderOptions.ConnectionStringname, DevExpress.ExpressApp.ApplicationBuilder.XPObjectSpaceProviderOptions.UseCustomDataStoreProvider, DevExpress.ExpressApp.Xpo.IXpoDataStoreProvider"
data/raw_md/apidoc/DevExpress.ExpressApp.Win.ApplicationBuilder/AzureAdAuthenticationOptions/ClientId,"applicationbuilder, azure",2,False,Authentication,,DevExpress.ExpressApp.Win.ApplicationBuilder.AzureAdAuthenticationOptions.ClientIdname
data/raw_md/apidoc/DevExpress.ExpressApp.Win.ApplicationBuilder/AzureAdAuthenticationOptions/Instance,"applicationbuilder, azure",2,False,,,DevExpress.ExpressApp.Win.ApplicationBuilder.AzureAdAuthenticationOptions.Instancename
data/raw_md/apidoc/DevExpress.ExpressApp.MultiTenancy.Xpo/IMultiTenancyApplicationBuilder/WithHostDatabaseConnectionString,"connectionstring, applicationbuilder",2,False,"Actions, Database Connection, XPO",,"DevExpress.ExpressApp.MultiTenancy.Xpo.IMultiTenancyApplicationBuilder.WithHostDatabaseConnectionString, DevExpress.ExpressApp.MultiTenancy.Xpo.IMultiTenancyApplicationBuilderdescription, Xpo"
data/raw_md/apidoc/DevExpress.ExpressApp.Win.ApplicationBuilder/AzureADWinAuthenticationExtensions/AzureADWinAuthenticationExtensions,"applicationbuilder, azure",2,False,"Authentication, WinForms",,"DevExpress.ExpressApp.Win.ApplicationBuilder.AzureADWinAuthenticationExtensions._membersaltText, DevExpress.ExpressApp.Win.ApplicationBuilder.AzureADWinAuthenticationExtensionsname"
data/raw_md/apidoc/DevExpress.ExpressApp.Win.ApplicationBuilder/AzureADWinAuthenticationExtensions/AddAzureAD,"applicationbuilder, azure",2,False,"Actions, Authentication, WinForms",,"DevExpress.ExpressApp.Win.ApplicationBuilder.AzureADWinAuthenticationExtensions.AddAzureAD, DevExpress.ExpressApp.Win.ApplicationBuilder.AzureAdAuthenticationOptions, DevExpress.ExpressApp.Win.ApplicationBuilder.WinExternalAuthenticationBuilder"
data/raw_md/apidoc/DevExpress.ExpressApp.ApplicationBuilder/XPObjectSpaceProviderOptions/EnablePoolingInConnectionString,"connectionstring, applicationbuilder",2,False,"Database Connection, XPO",,"DevExpress.ExpressApp.ApplicationBuilder.XPObjectSpaceProviderOptions.EnablePoolingInConnectionStringname, DevExpress.ExpressApp.ApplicationBuilder.XPObjectSpaceProviderOptions.UseCustomDataStoreProvider, DevExpress.ExpressApp.Xpo.IXpoDataStoreProvider"
data/raw_md/apidoc/DevExpress.ExpressApp.Win.ApplicationBuilder/IWinApplicationBuilder/Configuration,"configuration, applicationbuilder",2,False,,,"DevExpress.ExpressApp.ApplicationBuilder.IXafApplicationBuilder, DevExpress.ExpressApp.Win.ApplicationBuilder.IWinApplicationBuilder.Configurationname"
data/raw_md/apidoc/DevExpress.ExpressApp.Win.ApplicationBuilder/MiddleTierAuthenticationBuilderExtensions/AddAzureAD,"applicationbuilder, azure",2,False,"Actions, Authentication, Security System",,"DevExpress.ExpressApp.Security.MiddleTierClientAzureAdAuthenticationOptions, DevExpress.ExpressApp.Win.ApplicationBuilder.IMiddleTierAuthenticationBuilder, DevExpress.ExpressApp.Win.ApplicationBuilder.IMiddleTierAuthenticationBuilderdescription"
data/raw_md/apidoc/DevExpress.ExpressApp.Win.ApplicationBuilder/MiddleTierAuthenticationBuilderExtensions/AddPasswordAuthentication,applicationbuilder,1,False,"Actions, Authentication, Security System",,"DevExpress.ExpressApp.ApplicationBuilder.MiddleTierPasswordAuthenticationOptions, DevExpress.ExpressApp.Win.ApplicationBuilder.IMiddleTierAuthenticationBuilder, DevExpress.ExpressApp.Win.ApplicationBuilder.IMiddleTierAuthenticationBuilderdescription"
data/raw_md/apidoc/DevExpress.ExpressApp.ApplicationBuilder/SecuredObjectSpaceProviderBuilderExtensions/AddSecuredXpo``1,applicationbuilder,1,False,Blazor UI,,"DevExpress.ExpressApp.ApplicationBuilder, DevExpress.ExpressApp.Blazor.ApplicationBuilder"
data/raw_md/apidoc/DevExpress.ExpressApp.ApplicationBuilder/SecuredObjectSpaceProviderBuilderExtensions/AddSecuredXpo``1_1,applicationbuilder,1,False,"Actions, Object Space, WinForms",,"DevExpress.ExpressApp.ApplicationBuilder.IObjectSpaceProviderBuilder, DevExpress.ExpressApp.ApplicationBuilder.SecuredObjectSpaceProviderBuilderExtensions.AddSecuredXpo0, DevExpress.ExpressApp.ApplicationBuilder.SecuredXPObjectSpaceProviderOptions"
data/raw_md/apidoc/DevExpress.ExpressApp.ApplicationBuilder/SecuredObjectSpaceProviderBuilderExtensions/AddSecuredXpo``1_1,applicationbuilder,1,False,,,"DevExpress.ExpressApp.ApplicationBuilder, DevExpress.ExpressApp.Win.ApplicationBuilder"
data/raw_md/apidoc/DevExpress.ExpressApp.ApplicationBuilder/SecuredXPObjectSpaceProviderOptions/AllowICommandChannelDoWithSecurityContext,applicationbuilder,1,False,Security System,,DevExpress.ExpressApp.ApplicationBuilder.SecuredXPObjectSpaceProviderOptions.AllowICommandChannelDoWithSecurityContextname
data/raw_md/apidoc/DevExpress.ExpressApp.ApplicationBuilder/StateMachineApplicationBuilderExtensions/AddStateMachine``1,applicationbuilder,1,False,"Actions, Blazor UI",,"DevExpress.ExpressApp.ApplicationBuilder.IModuleBuilder, DevExpress.ExpressApp.ApplicationBuilder.StateMachineApplicationBuilderExtensions.AddStateMachine0, DevExpress.ExpressApp.Blazor.ApplicationBuilder.IBlazorApplicationBuilder"
data/raw_md/apidoc/DevExpress.ExpressApp.ApplicationBuilder/ViewVariantsApplicationBuilderExtensions/AddViewVariants``1,applicationbuilder,1,False,"Actions, Blazor UI",,"DevExpress.ExpressApp.ApplicationBuilder.IModuleBuilder, DevExpress.ExpressApp.ApplicationBuilder.ViewVariantsApplicationBuilderExtensions.AddViewVariants0, DevExpress.ExpressApp.Blazor.ApplicationBuilder.IBlazorApplicationBuilder"
data/raw_md/apidoc/DevExpress.ExpressApp.ApplicationBuilder/WinEFCoreMultiTenancyApplicationBuilderExtensions/AddMultiTenancy,applicationbuilder,1,False,"Business Objects, Entity Framework Core, Tenant, WinForms",,"DevExpress.ExpressApp.ApplicationBuilder.WinEFCoreMultiTenancyApplicationBuilderExtensions.AddMultiTenancy, DevExpress.ExpressApp.MultiTenancy.EFCore.IMultiTenancyApplicationBuilderdescription, DevExpress.ExpressApp.Win.ApplicationBuilder.IWinApplicationBuilder"
data/raw_md/apidoc/DevExpress.ExpressApp.ApplicationBuilder/WinEFCoreMultiTenancyApplicationBuilderExtensions/WinEFCoreMultiTenancyApplicationBuilderExtensions,applicationbuilder,1,False,"Business Objects, Entity Framework Core, Tenant, WinForms",,"DevExpress.ExpressApp.ApplicationBuilder.WinEFCoreMultiTenancyApplicationBuilderExtensions._membersaltText, DevExpress.ExpressApp.ApplicationBuilder.WinEFCoreMultiTenancyApplicationBuilderExtensionsname, Entity Framework Core"
data/raw_md/apidoc/DevExpress.ExpressApp.ApplicationBuilder/WinXpoMultiTenancyApplicationBuilderExtensions/AddMultiTenancy,applicationbuilder,1,False,"Tenant, WinForms, XPO",,"DevExpress.ExpressApp.ApplicationBuilder.WinXpoMultiTenancyApplicationBuilderExtensions.AddMultiTenancy, DevExpress.ExpressApp.MultiTenancy.Xpo.IMultiTenancyApplicationBuilderdescription, DevExpress.ExpressApp.Win.ApplicationBuilder.IWinApplicationBuilder"
data/raw_md/apidoc/DevExpress.ExpressApp.ApplicationBuilder/WinXpoMultiTenancyApplicationBuilderExtensions/WinXpoMultiTenancyApplicationBuilderExtensions,applicationbuilder,1,False,"Tenant, WinForms, XPO",,"DevExpress.ExpressApp.ApplicationBuilder.WinXpoMultiTenancyApplicationBuilderExtensions._membersaltText, DevExpress.ExpressApp.ApplicationBuilder.WinXpoMultiTenancyApplicationBuilderExtensionsname, XPO"
data/raw_md/apidoc/DevExpress.ExpressApp.ApplicationBuilder/XPObjectSpaceProviderBuilderExtensions/AddXpo``1,applicationbuilder,1,False,"Actions, Object Space, WinForms, XPO",,"DevExpress.ExpressApp.ApplicationBuilder.IObjectSpaceProviderBuilder, DevExpress.ExpressApp.ApplicationBuilder.XPObjectSpaceProviderBuilderExtensions.AddXpo0, DevExpress.ExpressApp.ApplicationBuilder.XPObjectSpaceProviderOptions"
data/raw_md/apidoc/DevExpress.ExpressApp.ApplicationBuilder/XPObjectSpaceProviderBuilderExtensions/AddXpo``1,applicationbuilder,1,False,,,"DevExpress.ExpressApp.ApplicationBuilder, DevExpress.ExpressApp.Win.ApplicationBuilder"
data/raw_md/apidoc/DevExpress.ExpressApp.ApplicationBuilder/XPObjectSpaceProviderBuilderExtensions/AddXpo``1_1,applicationbuilder,1,False,".NET Runtime, Actions, Blazor UI, Object Space, XPO",,"DevExpress.ExpressApp.ApplicationBuilder.IObjectSpaceProviderServiceBasedBuilder, DevExpress.ExpressApp.ApplicationBuilder.XPObjectSpaceProviderBuilderExtensions.AddXpo0, DevExpress.ExpressApp.ApplicationBuilder.XPObjectSpaceProviderOptions"
data/raw_md/apidoc/DevExpress.ExpressApp.ApplicationBuilder/XPObjectSpaceProviderBuilderExtensions/AddXpo``1_1,applicationbuilder,1,False,Blazor UI,,"DevExpress.ExpressApp.ApplicationBuilder, DevExpress.ExpressApp.Blazor.ApplicationBuilder"
data/raw_md/apidoc/DevExpress.ExpressApp.Win.ApplicationBuilder/MiddleTierAuthenticationBuilderExtensions/AddWindowsAuthentication,applicationbuilder,1,False,"Authentication, Security System",,"DevExpress.ExpressApp.Win.ApplicationBuilder.IMiddleTierAuthenticationBuilder, DevExpress.ExpressApp.Win.ApplicationBuilder.IMiddleTierAuthenticationBuilderdescription, DevExpress.ExpressApp.Win.ApplicationBuilder.MiddleTierAuthenticationBuilderExtensions.AddWindowsAuthentication"
data/raw_md/apidoc/DevExpress.ExpressApp.Win.ApplicationBuilder/MiddleTierAuthenticationBuilderExtensions/UsePasswordAuthentication,applicationbuilder,1,False,"Actions, Authentication, Security System",,"DevExpress.ExpressApp.ApplicationBuilder.MiddleTierPasswordAuthenticationOptions, DevExpress.ExpressApp.Win.ApplicationBuilder.IMiddleTierAuthenticationBuilder, DevExpress.ExpressApp.Win.ApplicationBuilder.IMiddleTierAuthenticationBuilderdescription"
data/raw_md/apidoc/DevExpress.ExpressApp.Win.ApplicationBuilder/MiddleTierAuthenticationBuilderExtensions/UsePasswordAuthentication,applicationbuilder,1,False,,,"DevExpress.ExpressApp.ApplicationBuilder, DevExpress.ExpressApp.Win.ApplicationBuilder"
data/raw_md/apidoc/DevExpress.ExpressApp.Win.ApplicationBuilder/MiddleTierAuthenticationBuilderExtensions/UseWindowsAuthentication,applicationbuilder,1,False,"Authentication, Security System",,"DevExpress.ExpressApp.Win.ApplicationBuilder.IMiddleTierAuthenticationBuilder, DevExpress.ExpressApp.Win.ApplicationBuilder.IMiddleTierAuthenticationBuilderdescription, DevExpress.ExpressApp.Win.ApplicationBuilder.MiddleTierAuthenticationBuilderExtensions.UseWindowsAuthentication"
data/raw_md/apidoc/DevExpress.ExpressApp.Win.ApplicationBuilder/MiddleTierSecurityExtensions/UseMiddleTierMode,applicationbuilder,1,False,"Actions, Security System, XPO",,"DevExpress.ExpressApp.ApplicationBuilder.MiddleTierSecurityOptions, DevExpress.ExpressApp.Security.SecurityModuleOptions, DevExpress.ExpressApp.Win.ApplicationBuilder.IMiddleTierAuthenticationBuilderdescription"
data/raw_md/apidoc/DevExpress.ExpressApp.Win.ApplicationBuilder/MiddleTierSecurityExtensions/UseMiddleTierMode,applicationbuilder,1,False,,,"DevExpress.ExpressApp.ApplicationBuilder, DevExpress.ExpressApp.Win.ApplicationBuilder"
data/raw_md/apidoc/DevExpress.ExpressApp.Win.ApplicationBuilder/NotificationsApplicationBuilderExtensions/AddNotifications,applicationbuilder,1,False,"Actions, Notifications",,"DevExpress.ExpressApp.ApplicationBuilder.IModuleBuilder, DevExpress.ExpressApp.Notifications.Win.NotificationsOptions, DevExpress.ExpressApp.Win.ApplicationBuilder.IWinApplicationBuilder"
data/raw_md/apidoc/DevExpress.ExpressApp.Win.ApplicationBuilder/OfficeApplicationBuilderExtensions/AddOffice,applicationbuilder,1,False,Actions,,"DevExpress.ExpressApp.ApplicationBuilder.IModuleBuilder, DevExpress.ExpressApp.Office.Win.OfficeOptions, DevExpress.ExpressApp.Win.ApplicationBuilder.IWinApplicationBuilder"
data/raw_md/apidoc/DevExpress.ExpressApp.Win.ApplicationBuilder/PivotGridApplicationBuilderExtensions/AddPivotGrid,applicationbuilder,1,False,,,"DevExpress.ExpressApp.ApplicationBuilder.IModuleBuilder, DevExpress.ExpressApp.Win.ApplicationBuilder.IWinApplicationBuilder, DevExpress.ExpressApp.Win.ApplicationBuilder.PivotGridApplicationBuilderExtensions.AddPivotGrid"
data/raw_md/apidoc/DevExpress.ExpressApp.Win.ApplicationBuilder/PivotGridApplicationBuilderExtensions/AddPivotGrid,applicationbuilder,1,False,Modules,,"DevExpress.ExpressApp.ApplicationBuilder, DevExpress.ExpressApp.Win.ApplicationBuilder"
data/raw_md/apidoc/DevExpress.ExpressApp.Win.ApplicationBuilder/ReportsApplicationBuilderExtensions/AddReports,applicationbuilder,1,False,"Actions, Reports, Reports V2",,"DevExpress.ExpressApp.ApplicationBuilder.IModuleBuilder, DevExpress.ExpressApp.ReportsV2.Win.ReportsOptions, DevExpress.ExpressApp.Win.ApplicationBuilder.IWinApplicationBuilder"
data/raw_md/apidoc/DevExpress.ExpressApp.Win.ApplicationBuilder/SchedulerApplicationBuilderExtensions/AddScheduler,applicationbuilder,1,False,"Actions, Scheduler",,"DevExpress.ExpressApp.ApplicationBuilder.IModuleBuilder, DevExpress.ExpressApp.Scheduler.Win.SchedulerOptions, DevExpress.ExpressApp.Win.ApplicationBuilder.IWinApplicationBuilder"
data/raw_md/apidoc/DevExpress.ExpressApp.Win.ApplicationBuilder/TreeListEditorsApplicationBuilderExtensions/AddTreeListEditors,applicationbuilder,1,False,"Actions, List Editors, Tree List",,"DevExpress.ExpressApp.ApplicationBuilder.IModuleBuilder, DevExpress.ExpressApp.TreeListEditors.Win.TreeListEditorOptions, DevExpress.ExpressApp.Win.ApplicationBuilder.IWinApplicationBuilder"
data/raw_md/apidoc/DevExpress.ExpressApp.Win.ApplicationBuilder/ValidationApplicationBuilderExtensions/AddValidation,applicationbuilder,1,False,"Actions, Validation",,"DevExpress.ExpressApp.ApplicationBuilder.IModuleBuilder, DevExpress.ExpressApp.Validation.ValidationModuleOptions, DevExpress.ExpressApp.Win.ApplicationBuilder.IWinApplicationBuilder"
data/raw_md/apidoc/DevExpress.ExpressApp.Win.ApplicationBuilder/ValidationApplicationBuilderExtensions/AddValidation,applicationbuilder,1,False,Modules,,"DevExpress.ExpressApp.ApplicationBuilder, DevExpress.ExpressApp.Win.ApplicationBuilder"
data/raw_md/apidoc/DevExpress.ExpressApp.Win.ApplicationBuilder/WinAuthenticationBuilderExtensions/UseExternalAuthentication``1,applicationbuilder,1,False,"Authentication, Security System, WinForms",,"DevExpress.ExpressApp.Win.ApplicationBuilder.IWinAuthenticationBuilder, DevExpress.ExpressApp.Win.ApplicationBuilder.IWinAuthenticationBuilderdescription, DevExpress.ExpressApp.Win.ApplicationBuilder.WinAuthenticationBuilderExtensions.UseExternalAuthentication"
data/raw_md/apidoc/DevExpress.ExpressApp.Win.ApplicationBuilder/WinSecurityBuilderExtensions/UsePasswordAuthentication,applicationbuilder,1,False,"Actions, Authentication, Security System",,"DevExpress.ExpressApp.Security.AuthenticationStandardProviderOptions, DevExpress.ExpressApp.Win.ApplicationBuilder.IWinAuthenticationBuilder, DevExpress.ExpressApp.Win.ApplicationBuilder.IWinAuthenticationBuilderdescription"
data/raw_md/apidoc/DevExpress.ExpressApp.Win.ApplicationBuilder/WinSecurityBuilderExtensions/UsePasswordAuthentication,applicationbuilder,1,False,,,"DevExpress.ExpressApp.ApplicationBuilder, DevExpress.ExpressApp.Win.ApplicationBuilder"
data/raw_md/apidoc/DevExpress.ExpressApp.Win.ApplicationBuilder/WinSecurityBuilderExtensions/UseWindowsAuthentication,applicationbuilder,1,False,"Actions, Authentication, Security System",,"DevExpress.ExpressApp.Security.Authentication.WindowsAuthenticationOptions, DevExpress.ExpressApp.Win.ApplicationBuilder.IWinAuthenticationBuilder, DevExpress.ExpressApp.Win.ApplicationBuilder.IWinAuthenticationBuilderdescription"
data/raw_md/apidoc/DevExpress.ExpressApp.Win.ApplicationBuilder/WinSecurityBuilderExtensions/UseWindowsAuthentication,applicationbuilder,1,False,,,"DevExpress.ExpressApp.ApplicationBuilder, DevExpress.ExpressApp.Win.ApplicationBuilder"
data/raw_md/apidoc/DevExpress.ExpressApp.Win/WinShowViewStrategyBase/ShowStartupWindow1131439,startup,1,False,,,DevExpress.ExpressApp.Win.WinShowViewStrategyBase.ShowStartupWindowname
data/raw_md/apidoc/DevExpress.ExpressApp.Win/WinShowViewStrategyBase/StartupWindowLoad1137426,startup,1,False,,,DevExpress.ExpressApp.Win.WinShowViewStrategyBase.StartupWindowLoadname
data/raw_md/apidoc/DevExpress.ExpressApp.WebApi.Services/WebApiStartupExtensions/AddXafWebApi,startup,1,False,"Actions, Blazor UI, Business Objects",,"DevExpress.ExpressApp.WebApi.Services.WebApiOptions, DevExpress.ExpressApp.WebApi.Services.WebApiStartupExtensions.AddXafWebApi, DevExpress.ExpressApp.WebApi.Services.XafWebApiBuilderdescription"
data/raw_md/apidoc/DevExpress.ExpressApp.WebApi.Services/WebApiStartupExtensions/AddXafWebApi,startup,1,False,XPO,,XPO
data/raw_md/apidoc/DevExpress.ExpressApp.SystemModule/ShowNavigationItemController/GetStartupNavigationItem1130816,startup,1,False,"Actions, Navigation",,"DevExpress.ExpressApp.Actions.ChoiceActionItemdescription, DevExpress.ExpressApp.SystemModule.ShowNavigationItemController.GetStartupNavigationItemname"
data/raw_md/apidoc/DevExpress.ExpressApp.Security/SecurityModule/GetStartupActions1136711,startup,1,False,Actions,,"DevExpress.ExpressApp.Actions.PopupWindowShowAction, DevExpress.ExpressApp.Security.SecurityModule.GetStartupActionsname"
data/raw_md/apidoc/DevExpress.ExpressApp.Office.Blazor/StartupExtensions/AddXafOffice,startup,1,False,".NET Runtime, Blazor UI",,DevExpress.ExpressApp.Office.Blazor.StartupExtensions.AddXafOffice
data/raw_md/apidoc/DevExpress.ExpressApp.Office.Blazor/StartupExtensions/StartupExtensions,startup,1,False,".NET Runtime, Blazor UI",,"DevExpress.ExpressApp.Office.Blazor.StartupExtensions._membersaltText, DevExpress.ExpressApp.Office.Blazor.StartupExtensionsname"
data/raw_md/apidoc/DevExpress.ExpressApp.MultiTenancy.Xpo/IMultiTenancyApplicationBuilder/WithCustomTenantType``1,applicationbuilder,1,False,"Actions, Tenant, XPO",,"DevExpress.ExpressApp.MultiTenancy.Xpo.IMultiTenancyApplicationBuilder.WithCustomTenantType, DevExpress.ExpressApp.MultiTenancy.Xpo.IMultiTenancyApplicationBuilderdescription, Xpo"
data/raw_md/apidoc/DevExpress.ExpressApp.MultiTenancy.Xpo/IMultiTenancyApplicationBuilder/WithMultiTenancyModelDifferenceStore,applicationbuilder,1,False,"Actions, Application Model, Tenant, XPO",,"DevExpress.ExpressApp.ApplicationBuilder.ModelDifferencesOptions, DevExpress.ExpressApp.MultiTenancy.Xpo.IMultiTenancyApplicationBuilder.WithMultiTenancyModelDifferenceStore, DevExpress.ExpressApp.MultiTenancy.Xpo.IMultiTenancyApplicationBuilderdescription"
data/raw_md/apidoc/DevExpress.ExpressApp.MultiTenancy.Xpo/IMultiTenancyApplicationBuilder/WithMultiTenancyModelDifferenceStore``1,applicationbuilder,1,False,"Actions, Application Model, Tenant, XPO",,"DevExpress.ExpressApp.ApplicationBuilder.ModelDifferencesOptions, DevExpress.ExpressApp.MultiTenancy.Xpo.IMultiTenancyApplicationBuilder.WithMultiTenancyModelDifferenceStore, DevExpress.ExpressApp.MultiTenancy.Xpo.IMultiTenancyApplicationBuilderdescription"
data/raw_md/apidoc/DevExpress.ExpressApp.MultiTenancy.Xpo/IMultiTenancyApplicationBuilder/WithSharedBusinessObjects,applicationbuilder,1,False,"Actions, Business Objects, Tenant, XPO",,"DevExpress.ExpressApp.MultiTenancy.Xpo.IMultiTenancyApplicationBuilder.WithSharedBusinessObjects, DevExpress.ExpressApp.MultiTenancy.Xpo.IMultiTenancyApplicationBuilderdescription, Xpo"
data/raw_md/apidoc/DevExpress.ExpressApp.MultiTenancy.Xpo/IMultiTenancyApplicationBuilder/WithSharedBusinessObjects,applicationbuilder,1,False,"Business Objects, Tenant",,
data/raw_md/apidoc/DevExpress.ExpressApp.MultiTenancy.Xpo/IMultiTenancyApplicationBuilder/WithTenantResolver``1,applicationbuilder,1,False,"Authentication, Tenant, XPO",,"DevExpress.ExpressApp.MultiTenancy.Xpo.IMultiTenancyApplicationBuilder.WithTenantResolver, Xpo"
data/raw_md/apidoc/DevExpress.ExpressApp.MultiTenancy.EFCore/IMultiTenancyApplicationBuilder/WithCustomTenantType``1,applicationbuilder,1,False,"Actions, Tenant",,"DevExpress.ExpressApp.MultiTenancy.EFCore.IMultiTenancyApplicationBuilder.WithCustomTenantType, DevExpress.ExpressApp.MultiTenancy.EFCore.IMultiTenancyApplicationBuilderdescription, EFCore"
data/raw_md/apidoc/DevExpress.ExpressApp.MultiTenancy.EFCore/IMultiTenancyApplicationBuilder/WithHostDbContext,applicationbuilder,1,False,"Actions, Tenant",,"DevExpress.ExpressApp.MultiTenancy.EFCore.IMultiTenancyApplicationBuilder.WithHostDbContext, DevExpress.ExpressApp.MultiTenancy.EFCore.IMultiTenancyApplicationBuilderdescription, EFCore"
data/raw_md/apidoc/DevExpress.ExpressApp.MultiTenancy.EFCore/IMultiTenancyApplicationBuilder/WithHostDbContext``1,applicationbuilder,1,False,"Actions, Tenant",,"DevExpress.ExpressApp.MultiTenancy.EFCore.IMultiTenancyApplicationBuilder.WithHostDbContext, DevExpress.ExpressApp.MultiTenancy.EFCore.IMultiTenancyApplicationBuilderdescription, EFCore"
data/raw_md/apidoc/DevExpress.ExpressApp.MultiTenancy.EFCore/IMultiTenancyApplicationBuilder/WithMultiTenancyModelDifferenceStore,applicationbuilder,1,False,"Actions, Application Model, Tenant",,"DevExpress.ExpressApp.ApplicationBuilder.ModelDifferencesOptions, DevExpress.ExpressApp.MultiTenancy.EFCore.IMultiTenancyApplicationBuilder.WithMultiTenancyModelDifferenceStore, DevExpress.ExpressApp.MultiTenancy.EFCore.IMultiTenancyApplicationBuilderdescription"
data/raw_md/apidoc/DevExpress.ExpressApp.MultiTenancy.EFCore/IMultiTenancyApplicationBuilder/WithMultiTenancyModelDifferenceStore``1,applicationbuilder,1,False,"Actions, Application Model, Tenant",,"DevExpress.ExpressApp.ApplicationBuilder.ModelDifferencesOptions, DevExpress.ExpressApp.MultiTenancy.EFCore.IMultiTenancyApplicationBuilder.WithMultiTenancyModelDifferenceStore, DevExpress.ExpressApp.MultiTenancy.EFCore.IMultiTenancyApplicationBuilderdescription"
data/raw_md/apidoc/DevExpress.ExpressApp.MultiTenancy.EFCore/IMultiTenancyApplicationBuilder/WithSharedBusinessObjects,applicationbuilder,1,False,"Actions, Business Objects, Tenant",,"DevExpress.ExpressApp.MultiTenancy.EFCore.IMultiTenancyApplicationBuilder.WithSharedBusinessObjects, DevExpress.ExpressApp.MultiTenancy.EFCore.IMultiTenancyApplicationBuilderdescription, EFCore"
data/raw_md/apidoc/DevExpress.ExpressApp.MultiTenancy.EFCore/IMultiTenancyApplicationBuilder/WithSharedBusinessObjects,applicationbuilder,1,False,"Business Objects, Tenant",,
data/raw_md/apidoc/DevExpress.ExpressApp.MultiTenancy.EFCore/IMultiTenancyApplicationBuilder/WithTenantResolver``1,applicationbuilder,1,False,"Authentication, Tenant",,"DevExpress.ExpressApp.MultiTenancy.EFCore.IMultiTenancyApplicationBuilder.WithTenantResolver, EFCore"
data/raw_md/apidoc/DevExpress.ExpressApp.MultiTenancy/IConnectionStringProvider/IConnectionStringProvider,connectionstring,1,False,"Database Connection, Tenant",,"DevExpress.ExpressApp.MultiTenancy.IConnectionStringProvider._membersaltText, DevExpress.ExpressApp.MultiTenancy.IConnectionStringProvidername"
data/raw_md/apidoc/DevExpress.ExpressApp.Dashboards.Blazor/StartupExtensions/AddXafDashboards,startup,1,False,".NET Runtime, Actions, Blazor UI, Dashboards, Database Connection",,"DevExpress.ExpressApp.Dashboards.Blazor.Services.BlazorDashboardConfigurator, DevExpress.ExpressApp.Dashboards.Blazor.StartupExtensions.AddXafDashboards"
data/raw_md/apidoc/DevExpress.ExpressApp.Dashboards.Blazor/StartupExtensions/AddXafDashboards,startup,1,False,"Blazor UI, Dashboards",,DevExpress.ExpressApp.Dashboards.Blazor
data/raw_md/apidoc/DevExpress.ExpressApp.Dashboards.Blazor/StartupExtensions/MapXafDashboards,startup,1,False,".NET Runtime, Blazor UI, Controllers, Dashboards",,DevExpress.ExpressApp.Dashboards.Blazor.StartupExtensions.MapXafDashboards
data/raw_md/apidoc/DevExpress.ExpressApp.Dashboards.Blazor/StartupExtensions/MapXafDashboards,startup,1,False,"Blazor UI, Dashboards",,DevExpress.ExpressApp.Dashboards.Blazor
data/raw_md/apidoc/DevExpress.ExpressApp.Dashboards.Blazor/StartupExtensions/StartupExtensions,startup,1,False,".NET Runtime, Blazor UI, Dashboards",,"DevExpress.ExpressApp.Dashboards.Blazor.StartupExtensions._membersaltText, DevExpress.ExpressApp.Dashboards.Blazor.StartupExtensionsname"
data/raw_md/apidoc/DevExpress.ExpressApp.Blazor.ApplicationBuilder/AuditTrailXpoApplicationBuilderExtensions/AddAuditTrailXpo``1,applicationbuilder,1,False,"Audit Trail, Blazor UI, XPO",,"DevExpress.ExpressApp.ApplicationBuilder.IModuleBuilder, DevExpress.ExpressApp.Blazor.ApplicationBuilder.AuditTrailXpoApplicationBuilderExtensions.AddAuditTrailXpo0, DevExpress.ExpressApp.Blazor.ApplicationBuilder.IBlazorApplicationBuilder"
data/raw_md/apidoc/DevExpress.ExpressApp.Blazor.ApplicationBuilder/AuditTrailXpoApplicationBuilderExtensions/AddAuditTrailXpo``1_1,applicationbuilder,1,False,"Actions, Blazor UI",,"DevExpress.ExpressApp.ApplicationBuilder.IModuleBuilder, DevExpress.ExpressApp.AuditTrail.AuditTrailOptions, DevExpress.ExpressApp.Blazor.ApplicationBuilder.AuditTrailXpoApplicationBuilderExtensions.AddAuditTrailXpo0"
data/raw_md/apidoc/DevExpress.ExpressApp.Blazor.ApplicationBuilder/DashboardsApplicationBuilderExtensions/AddDashboards,applicationbuilder,1,False,"Actions, Blazor UI, Dashboards",,"DevExpress.ExpressApp.ApplicationBuilder.IModuleBuilder, DevExpress.ExpressApp.Blazor.ApplicationBuilder.DashboardsApplicationBuilderExtensions.AddDashboards, DevExpress.ExpressApp.Blazor.ApplicationBuilder.IBlazorApplicationBuilder"
data/raw_md/apidoc/DevExpress.ExpressApp.Blazor.ApplicationBuilder/EFCoreMiddleTierSecurityExtensions/UseMiddleTierMode,applicationbuilder,1,False,"Actions, Blazor UI, Entity Framework Core, Security System",,"DevExpress.ExpressApp.ApplicationBuilder.EFCoreMiddleTierSecurityOptions, DevExpress.ExpressApp.Blazor.ApplicationBuilder.EFCoreMiddleTierSecurityExtensions.UseMiddleTierMode, DevExpress.ExpressApp.Blazor.ApplicationBuilder.IBlazorSecurityBuilder"
data/raw_md/apidoc/DevExpress.ExpressApp.Blazor.ApplicationBuilder/EFCoreMiddleTierSecurityExtensions/UseMiddleTierMode,applicationbuilder,1,False,Blazor UI,,"DevExpress.ExpressApp.ApplicationBuilder, DevExpress.ExpressApp.Blazor.ApplicationBuilder"
data/raw_md/apidoc/DevExpress.ExpressApp.Blazor.ApplicationBuilder/FileAttachmentsApplicationBuilderExtensions/AddFileAttachments,applicationbuilder,1,False,"Actions, Blazor UI",,"DevExpress.ExpressApp.ApplicationBuilder.IModuleBuilder, DevExpress.ExpressApp.Blazor.ApplicationBuilder.FileAttachmentsApplicationBuilderExtensions.AddFileAttachments, DevExpress.ExpressApp.Blazor.ApplicationBuilder.IBlazorApplicationBuilder"
data/raw_md/apidoc/DevExpress.ExpressApp.Blazor.ApplicationBuilder/IBlazorApplicationBuilder/IBlazorApplicationBuilder,applicationbuilder,1,False,".NET Runtime, Blazor UI, Modules, Security System",,"DevExpress.ExpressApp.Blazor.ApplicationBuilder.IBlazorApplicationBuilder._membersaltText, DevExpress.ExpressApp.Blazor.ApplicationBuilder.IBlazorApplicationBuildername"
data/raw_md/apidoc/DevExpress.ExpressApp.Blazor.ApplicationBuilder/IBlazorApplicationBuilder/ObjectSpaceProviders,applicationbuilder,1,False,Blazor UI,,"DevExpress.ExpressApp.ApplicationBuilder.IObjectSpaceProviderServiceBasedBuilder, DevExpress.ExpressApp.Blazor.ApplicationBuilder.IBlazorApplicationBuilder, DevExpress.ExpressApp.Blazor.ApplicationBuilder.IBlazorApplicationBuilder.ObjectSpaceProvidersname"
data/raw_md/apidoc/DevExpress.ExpressApp.Blazor.ApplicationBuilder/IBlazorApplicationBuilder/ObjectSpaceProviders,applicationbuilder,1,False,Blazor UI,,"DevExpress.ExpressApp.ApplicationBuilder, DevExpress.ExpressApp.Blazor.ApplicationBuilder, DevExpress.Persistent.BaseImpl"
data/raw_md/apidoc/DevExpress.ExpressApp.Blazor.ApplicationBuilder/IBlazorApplicationBuilder/Security,applicationbuilder,1,False,"Blazor UI, Security System",,"DevExpress.ExpressApp.Blazor.ApplicationBuilder.IBlazorApplicationBuilder.Securityname, DevExpress.ExpressApp.Blazor.ApplicationBuilder.IBlazorSecurityBuilderdescription"
data/raw_md/apidoc/DevExpress.ExpressApp.Blazor.ApplicationBuilder/IBlazorApplicationBuilder/Security,applicationbuilder,1,False,Blazor UI,,"DevExpress.ExpressApp.ApplicationBuilder, DevExpress.ExpressApp.Blazor.ApplicationBuilder, DevExpress.Persistent.BaseImpl"
data/raw_md/apidoc/DevExpress.ExpressApp.Blazor.ApplicationBuilder/IBlazorSecurityBuilder/AddAuthenticationProvider``2,applicationbuilder,1,False,"Actions, Blazor UI",,"DevExpress.ExpressApp.Blazor.ApplicationBuilder.IBlazorSecurityBuilder.AddAuthenticationProvider0, DevExpress.ExpressApp.Blazor.ApplicationBuilder.IBlazorSecurityBuilderdescription"
data/raw_md/apidoc/DevExpress.ExpressApp.Blazor.ApplicationBuilder/IBlazorSecurityBuilder/IBlazorSecurityBuilder,applicationbuilder,1,False,".NET Runtime, Blazor UI, Security System",,"DevExpress.ExpressApp.Blazor.ApplicationBuilder.IBlazorSecurityBuilder._membersaltText, DevExpress.ExpressApp.Blazor.ApplicationBuilder.IBlazorSecurityBuildername"
data/raw_md/apidoc/DevExpress.ExpressApp.Blazor.ApplicationBuilder/IBlazorSecurityBuilder/UseIntegratedMode,applicationbuilder,1,False,"Actions, Blazor UI, Security System",,"DevExpress.ExpressApp.Blazor.ApplicationBuilder.IBlazorSecurityBuilder.UseIntegratedMode, DevExpress.ExpressApp.Blazor.ApplicationBuilder.IBlazorSecurityBuilderdescription, DevExpress.ExpressApp.Security.SecurityModuleOptions"
data/raw_md/apidoc/DevExpress.ExpressApp.Blazor.ApplicationBuilder/IBlazorSecurityBuilder/UseIntegratedMode,applicationbuilder,1,False,Blazor UI,,"DevExpress.ExpressApp.ApplicationBuilder, DevExpress.ExpressApp.Blazor.ApplicationBuilder, PermissionPolicyRole"
data/raw_md/apidoc/DevExpress.ExpressApp.Blazor.ApplicationBuilder/MiddleTierSecurityExtensions/UseMiddleTierMode,applicationbuilder,1,False,"Actions, Blazor UI, Security System, XPO",,"DevExpress.ExpressApp.ApplicationBuilder.MiddleTierSecurityOptions, DevExpress.ExpressApp.Blazor.ApplicationBuilder.IBlazorSecurityBuilder, DevExpress.ExpressApp.Blazor.ApplicationBuilder.IBlazorSecurityBuilderdescription"
data/raw_md/apidoc/DevExpress.ExpressApp.Blazor.ApplicationBuilder/MiddleTierSecurityExtensions/UseMiddleTierMode,applicationbuilder,1,False,Blazor UI,,"DevExpress.ExpressApp.ApplicationBuilder, DevExpress.ExpressApp.Blazor.ApplicationBuilder"
data/raw_md/apidoc/DevExpress.ExpressApp.Blazor.ApplicationBuilder/NotificationsApplicationBuilderExtensions/AddNotifications,applicationbuilder,1,False,".NET Runtime, Actions, Blazor UI, Modules, Notifications",,"DevExpress.ExpressApp.ApplicationBuilder.IModuleBuilder, DevExpress.ExpressApp.Blazor.ApplicationBuilder.IBlazorApplicationBuilder, DevExpress.ExpressApp.Blazor.ApplicationBuilder.NotificationsApplicationBuilderExtensions.AddNotifications"
data/raw_md/apidoc/DevExpress.ExpressApp.Blazor.ApplicationBuilder/NotificationsApplicationBuilderExtensions/AddNotifications_1,applicationbuilder,1,False,"Blazor UI, Modules, Notifications",,"DevExpress.ExpressApp.ApplicationBuilder.IModuleBuilder, DevExpress.ExpressApp.Blazor.ApplicationBuilder.IBlazorApplicationBuilder, DevExpress.ExpressApp.Blazor.ApplicationBuilder.NotificationsApplicationBuilderExtensions.AddNotifications"
data/raw_md/apidoc/DevExpress.ExpressApp.Blazor.ApplicationBuilder/OfficeApplicationBuilderExtensions/AddOffice,applicationbuilder,1,False,"Actions, Blazor UI, Business Objects, Entity Framework Core, Modules",,"DevExpress.ExpressApp.ApplicationBuilder.IModuleBuilder, DevExpress.ExpressApp.Blazor.ApplicationBuilder.IBlazorApplicationBuilder, DevExpress.ExpressApp.Blazor.ApplicationBuilder.OfficeApplicationBuilderExtensions.AddOffice"
data/raw_md/apidoc/DevExpress.ExpressApp.Blazor.ApplicationBuilder/OfficeOptions/OfficeOptions,applicationbuilder,1,False,Blazor UI,,"DevExpress.ExpressApp.Blazor.ApplicationBuilder.OfficeOptions._membersaltText, DevExpress.ExpressApp.Blazor.ApplicationBuilder.OfficeOptionsname"
data/raw_md/apidoc/DevExpress.ExpressApp.Blazor.ApplicationBuilder/OfficeOptions/RichTextMailMergeDataType,applicationbuilder,1,False,"Blazor UI, Mail Merge",,DevExpress.ExpressApp.Blazor.ApplicationBuilder.OfficeOptions.RichTextMailMergeDataTypename
data/raw_md/apidoc/DevExpress.ExpressApp.Blazor.ApplicationBuilder/ReportsApplicationBuilderExtensions/AddReports,applicationbuilder,1,False,"Actions, Blazor UI, Reports, Reports V2",,"DevExpress.ExpressApp.ApplicationBuilder.IModuleBuilder, DevExpress.ExpressApp.Blazor.ApplicationBuilder.IBlazorApplicationBuilder, DevExpress.ExpressApp.Blazor.ApplicationBuilder.ReportsApplicationBuilderExtensions.AddReports"
data/raw_md/apidoc/DevExpress.ExpressApp.Blazor.ApplicationBuilder/SchedulerApplicationBuilderExtensions/AddScheduler,applicationbuilder,1,False,"Actions, Blazor UI, Scheduler",,"DevExpress.ExpressApp.ApplicationBuilder.IModuleBuilder, DevExpress.ExpressApp.Blazor.ApplicationBuilder.IBlazorApplicationBuilder, DevExpress.ExpressApp.Blazor.ApplicationBuilder.SchedulerApplicationBuilderExtensions.AddScheduler"
data/raw_md/apidoc/DevExpress.ExpressApp.Blazor.ApplicationBuilder/ValidationApplicationBuilderExtensions/AddValidation,applicationbuilder,1,False,"Actions, Blazor UI, Validation",,"DevExpress.ExpressApp.ApplicationBuilder.IModuleBuilder, DevExpress.ExpressApp.Blazor.ApplicationBuilder.IBlazorApplicationBuilder, DevExpress.ExpressApp.Blazor.ApplicationBuilder.ValidationApplicationBuilderExtensions.AddValidation"
data/raw_md/apidoc/DevExpress.ExpressApp.Blazor.ApplicationBuilder/ValidationApplicationBuilderExtensions/AddValidation,applicationbuilder,1,False,"Blazor UI, Modules",,"DevExpress.ExpressApp.ApplicationBuilder, DevExpress.ExpressApp.Blazor.ApplicationBuilder, DevExpress.Persistent.BaseImpl"
data/raw_md/apidoc/DevExpress.ExpressApp.ApplicationBuilder/AuditedDbContextBuilderExtensions/AuditedDbContextBuilderExtensions,applicationbuilder,1,False,Audit Trail,,"DevExpress.ExpressApp.ApplicationBuilder.AuditedDbContextBuilderExtensions._membersaltText, DevExpress.ExpressApp.ApplicationBuilder.AuditedDbContextBuilderExtensionsname"
data/raw_md/apidoc/DevExpress.ExpressApp.ApplicationBuilder/AuditedDbContextBuilderExtensions/WithAuditedDbContext``1,applicationbuilder,1,False,".NET Runtime, Actions, Audit Trail, Blazor UI",,"DevExpress.ExpressApp.ApplicationBuilder.AuditedDbContextBuilderExtensions.WithAuditedDbContext0, DevExpress.ExpressApp.ApplicationBuilder.AuditedDbContextServiceBasedConfigurator, DevExpress.ExpressApp.ApplicationBuilder.DbContextServiceBasedBuilder"
data/raw_md/apidoc/DevExpress.ExpressApp.ApplicationBuilder/AuditedDbContextBuilderExtensions/WithAuditedDbContext``1,applicationbuilder,1,False,Blazor UI,,"DevExpress.ExpressApp.ApplicationBuilder, DevExpress.ExpressApp.Blazor.ApplicationBuilder"
data/raw_md/apidoc/DevExpress.ExpressApp.ApplicationBuilder/AuditedDbContextBuilderExtensions/WithAuditedDbContext``1_1,applicationbuilder,1,False,"Actions, Audit Trail, WinForms",,"DevExpress.ExpressApp.ApplicationBuilder.AuditedDbContextBuilderExtensions.WithAuditedDbContext0, DevExpress.ExpressApp.ApplicationBuilder.AuditedDbContextConfigurator, DevExpress.ExpressApp.ApplicationBuilder.DbContextBuilder"
data/raw_md/apidoc/DevExpress.ExpressApp.ApplicationBuilder/AuditedDbContextBuilderExtensions/WithAuditedDbContext``1_1,applicationbuilder,1,False,,,"DevExpress.ExpressApp.ApplicationBuilder, DevExpress.ExpressApp.Win.ApplicationBuilder"
data/raw_md/apidoc/DevExpress.ExpressApp.ApplicationBuilder/AuditedDbContextConfigurator/Configure``2,applicationbuilder,1,False,"Actions, Audit Trail, Blazor UI, WinForms",,"DevExpress.ExpressApp.ApplicationBuilder.AuditedDbContextConfigurator.Configure, DevExpress.ExpressApp.XafApplication, DevExpress.Persistent.BaseImpl.EFCore.AuditTrail.AuditTrailOptions"
data/raw_md/apidoc/DevExpress.ExpressApp.ApplicationBuilder/AuditedDbContextConfigurator/Configure``2,applicationbuilder,1,False,Blazor UI,,"DevExpress.ExpressApp.ApplicationBuilder, DevExpress.ExpressApp.Blazor.ApplicationBuilder"
data/raw_md/apidoc/DevExpress.ExpressApp.ApplicationBuilder/AuditedDbContextConfigurator/Configure``2,applicationbuilder,1,False,,,"DevExpress.ExpressApp.ApplicationBuilder, DevExpress.ExpressApp.Win.ApplicationBuilder"
data/raw_md/apidoc/DevExpress.ExpressApp.ApplicationBuilder/AuditTrailEFCoreApplicationBuilderExtensions/AddAuditTrailEFCore``1,applicationbuilder,1,False,"Audit Trail, Blazor UI, Entity Framework Core",,"DevExpress.ExpressApp.ApplicationBuilder.AuditTrailEFCoreApplicationBuilderExtensions.AddAuditTrailEFCore0, DevExpress.ExpressApp.ApplicationBuilder.IModuleBuilder, DevExpress.ExpressApp.Blazor.ApplicationBuilder.IBlazorApplicationBuilder"
data/raw_md/apidoc/DevExpress.ExpressApp.ApplicationBuilder/AuditTrailEFCoreApplicationBuilderExtensions/AddAuditTrailEFCore``1,applicationbuilder,1,False,Modules,,"DevExpress.ExpressApp.ApplicationBuilder, DevExpress.ExpressApp.Win.ApplicationBuilder"
data/raw_md/apidoc/DevExpress.ExpressApp.ApplicationBuilder/AuditTrailEFCoreApplicationBuilderExtensions/AddAuditTrailEFCore``1,applicationbuilder,1,False,"Blazor UI, Modules",,"DevExpress.ExpressApp.ApplicationBuilder, DevExpress.ExpressApp.Blazor.ApplicationBuilder"
data/raw_md/apidoc/DevExpress.ExpressApp.ApplicationBuilder/BlazorEFCoreMultiTenancyApplicationBuilderExtensions/AddMultiTenancy,applicationbuilder,1,False,"Blazor UI, Business Objects, Entity Framework Core, Tenant",,"DevExpress.ExpressApp.ApplicationBuilder.BlazorEFCoreMultiTenancyApplicationBuilderExtensions.AddMultiTenancy, DevExpress.ExpressApp.Blazor.ApplicationBuilder.IBlazorApplicationBuilder, DevExpress.ExpressApp.Blazor.ApplicationBuilder.IBlazorApplicationBuilderdescription"
data/raw_md/apidoc/DevExpress.ExpressApp.ApplicationBuilder/BlazorEFCoreMultiTenancyApplicationBuilderExtensions/BlazorEFCoreMultiTenancyApplicationBuilderExtensions,applicationbuilder,1,False,"Blazor UI, Business Objects, Entity Framework Core, Tenant",,"DevExpress.ExpressApp.ApplicationBuilder.BlazorEFCoreMultiTenancyApplicationBuilderExtensions._membersaltText, DevExpress.ExpressApp.ApplicationBuilder.BlazorEFCoreMultiTenancyApplicationBuilderExtensionsname, Entity Framework Core"
data/raw_md/apidoc/DevExpress.ExpressApp.ApplicationBuilder/BlazorSecurityBuilderExtensions/AddExternalAuthentication,applicationbuilder,1,False,"Actions, Authentication, Blazor UI",,"DevExpress.ExpressApp.ApplicationBuilder.BlazorSecurityBuilderExtensions.AddExternalAuthentication, DevExpress.ExpressApp.Blazor.ApplicationBuilder.IBlazorSecurityBuilder, DevExpress.ExpressApp.Blazor.ApplicationBuilder.IBlazorSecurityBuilderdescription"
data/raw_md/apidoc/DevExpress.ExpressApp.ApplicationBuilder/BlazorSecurityBuilderExtensions/AddExternalAuthentication,applicationbuilder,1,False,Blazor UI,,DevExpress.ExpressApp.ApplicationBuilder
data/raw_md/apidoc/DevExpress.ExpressApp.ApplicationBuilder/BlazorSecurityBuilderExtensions/AddExternalAuthentication``1,applicationbuilder,1,False,"Actions, Authentication, Blazor UI",,"DevExpress.ExpressApp.ApplicationBuilder.BlazorSecurityBuilderExtensions.AddExternalAuthentication, DevExpress.ExpressApp.Blazor.ApplicationBuilder.IBlazorSecurityBuilder, DevExpress.ExpressApp.Blazor.ApplicationBuilder.IBlazorSecurityBuilderdescription"
data/raw_md/apidoc/DevExpress.ExpressApp.ApplicationBuilder/BlazorSecurityBuilderExtensions/AddExternalAuthentication``1,applicationbuilder,1,False,Blazor UI,,DevExpress.ExpressApp.ApplicationBuilder
data/raw_md/apidoc/DevExpress.ExpressApp.ApplicationBuilder/BlazorSecurityBuilderExtensions/AddPasswordAuthentication,applicationbuilder,1,False,"Actions, Authentication, Blazor UI",,"DevExpress.ExpressApp.ApplicationBuilder.BlazorSecurityBuilderExtensions.AddPasswordAuthentication, DevExpress.ExpressApp.Blazor.ApplicationBuilder.IBlazorSecurityBuilder, DevExpress.ExpressApp.Blazor.ApplicationBuilder.IBlazorSecurityBuilderdescription"
data/raw_md/apidoc/DevExpress.ExpressApp.ApplicationBuilder/BlazorSecurityBuilderExtensions/AddPasswordAuthentication,applicationbuilder,1,False,Blazor UI,,DevExpress.ExpressApp.ApplicationBuilder
data/raw_md/apidoc/DevExpress.ExpressApp.ApplicationBuilder/BlazorSecurityBuilderExtensions/AddWindowsAuthentication,applicationbuilder,1,False,"Actions, Authentication, Blazor UI",,"DevExpress.ExpressApp.ApplicationBuilder.BlazorSecurityBuilderExtensions.AddWindowsAuthentication, DevExpress.ExpressApp.Blazor.ApplicationBuilder.IBlazorSecurityBuilder, DevExpress.ExpressApp.Blazor.ApplicationBuilder.IBlazorSecurityBuilderdescription"
data/raw_md/apidoc/DevExpress.ExpressApp.ApplicationBuilder/BlazorSecurityBuilderExtensions/AddWindowsAuthentication,applicationbuilder,1,False,Blazor UI,,DevExpress.ExpressApp.ApplicationBuilder
data/raw_md/apidoc/DevExpress.ExpressApp.ApplicationBuilder/BlazorSecurityBuilderExtensions/ConfigureAntiforgery,applicationbuilder,1,False,"Actions, Authentication, Blazor UI",,"DevExpress.ExpressApp.ApplicationBuilder.BlazorSecurityBuilderExtensions.ConfigureAntiforgery, DevExpress.ExpressApp.Blazor.ApplicationBuilder.IBlazorSecurityBuilder, DevExpress.ExpressApp.Blazor.ApplicationBuilder.IBlazorSecurityBuilderdescription"
data/raw_md/apidoc/DevExpress.ExpressApp.ApplicationBuilder/BlazorXpoMultiTenancyApplicationBuilderExtensions/AddMultiTenancy,applicationbuilder,1,False,"Blazor UI, Tenant, XPO",,"DevExpress.ExpressApp.ApplicationBuilder.BlazorXpoMultiTenancyApplicationBuilderExtensions.AddMultiTenancy, DevExpress.ExpressApp.Blazor.ApplicationBuilder.IBlazorApplicationBuilder, DevExpress.ExpressApp.Blazor.ApplicationBuilder.IBlazorApplicationBuilderdescription"
data/raw_md/apidoc/DevExpress.ExpressApp.ApplicationBuilder/BlazorXpoMultiTenancyApplicationBuilderExtensions/BlazorXpoMultiTenancyApplicationBuilderExtensions,applicationbuilder,1,False,"Blazor UI, Tenant, XPO",,"DevExpress.ExpressApp.ApplicationBuilder.BlazorXpoMultiTenancyApplicationBuilderExtensions._membersaltText, DevExpress.ExpressApp.ApplicationBuilder.BlazorXpoMultiTenancyApplicationBuilderExtensionsname, XPO"
data/raw_md/apidoc/DevExpress.ExpressApp.ApplicationBuilder/ConditionalAppearanceApplicationBuilderExtensions/AddConditionalAppearance``1,applicationbuilder,1,False,"Blazor UI, Conditional Appearance",,"DevExpress.ExpressApp.ApplicationBuilder.ConditionalAppearanceApplicationBuilderExtensions.AddConditionalAppearance0, DevExpress.ExpressApp.ApplicationBuilder.IModuleBuilder, DevExpress.ExpressApp.Blazor.ApplicationBuilder.IBlazorApplicationBuilder"
data/raw_md/apidoc/DevExpress.ExpressApp.ApplicationBuilder/ConditionalAppearanceApplicationBuilderExtensions/AddConditionalAppearance``1,applicationbuilder,1,False,Modules,,"DevExpress.ExpressApp.ApplicationBuilder, DevExpress.ExpressApp.Win.ApplicationBuilder"
data/raw_md/apidoc/DevExpress.ExpressApp.ApplicationBuilder/ConditionalAppearanceApplicationBuilderExtensions/AddConditionalAppearance``1,applicationbuilder,1,False,"Blazor UI, Modules",,"DevExpress.ExpressApp.ApplicationBuilder, DevExpress.ExpressApp.Blazor.ApplicationBuilder"
data/raw_md/apidoc/DevExpress.ExpressApp.ApplicationBuilder/DbContextBuilder`1/WithDbContext``1,applicationbuilder,1,False,Actions,,"DevExpress.ExpressApp.ApplicationBuilder.DbContextBuilderDbContext, DevExpress.ExpressApp.ApplicationBuilder.IObjectSpaceProviderBuilder, DevExpress.ExpressApp.XafApplication"
data/raw_md/apidoc/DevExpress.ExpressApp.ApplicationBuilder/DbContextServiceBasedBuilder`1/WithDbContext``1,applicationbuilder,1,False,"Actions, Blazor UI",,"DevExpress.ExpressApp.ApplicationBuilder.DbContextServiceBasedBuilderDbContext, DevExpress.ExpressApp.ApplicationBuilder.IObjectSpaceProviderServiceBasedBuilder, EntityFrameworkCore"
data/raw_md/apidoc/DevExpress.ExpressApp.ApplicationBuilder/DbContextServiceBasedBuilder`1/WithDbContext``1,applicationbuilder,1,False,Blazor UI,,"DevExpress.ExpressApp.ApplicationBuilder, DevExpress.ExpressApp.Blazor.ApplicationBuilder"
data/raw_md/apidoc/DevExpress.ExpressApp.ApplicationBuilder/EFCoreMiddleTierSecurityEvents/OnClientWebSocketCreated,applicationbuilder,1,False,".NET Runtime, Actions, WinForms",,DevExpress.ExpressApp.ApplicationBuilder.EFCoreMiddleTierSecurityEvents.OnClientWebSocketCreatedname
data/raw_md/apidoc/DevExpress.ExpressApp.ApplicationBuilder/EFCoreMiddleTierSecurityEvents/OnClientWebSocketCreated,applicationbuilder,1,False,,,DevExpress.ExpressApp.ApplicationBuilder
data/raw_md/apidoc/DevExpress.ExpressApp.ApplicationBuilder/EFCoreMiddleTierSecurityEvents/OnCustomCreateClientWebSocket,applicationbuilder,1,False,".NET Runtime, WinForms",,DevExpress.ExpressApp.ApplicationBuilder.EFCoreMiddleTierSecurityEvents.OnCustomCreateClientWebSocketname
data/raw_md/apidoc/DevExpress.ExpressApp.ApplicationBuilder/EFCoreMiddleTierSecurityEvents/OnCustomCreateClientWebSocket,applicationbuilder,1,False,,,DevExpress.ExpressApp.ApplicationBuilder
data/raw_md/apidoc/DevExpress.ExpressApp.ApplicationBuilder/EFCoreMiddleTierSecurityEvents/OnCustomCreateHttpClient,applicationbuilder,1,False,".NET Runtime, WinForms",,DevExpress.ExpressApp.ApplicationBuilder.EFCoreMiddleTierSecurityEvents.OnCustomCreateHttpClientname
data/raw_md/apidoc/DevExpress.ExpressApp.ApplicationBuilder/EFCoreMiddleTierSecurityEvents/OnCustomCreateHttpClient,applicationbuilder,1,False,,,DevExpress.ExpressApp.ApplicationBuilder
data/raw_md/apidoc/DevExpress.ExpressApp.ApplicationBuilder/EFCoreMiddleTierSecurityEvents/OnHttpClientCreated,applicationbuilder,1,False,".NET Runtime, Actions, WinForms",,DevExpress.ExpressApp.ApplicationBuilder.EFCoreMiddleTierSecurityEvents.OnHttpClientCreatedname
data/raw_md/apidoc/DevExpress.ExpressApp.ApplicationBuilder/EFCoreMiddleTierSecurityEvents/OnHttpClientCreated,applicationbuilder,1,False,,,DevExpress.ExpressApp.ApplicationBuilder
data/raw_md/apidoc/DevExpress.ExpressApp.ApplicationBuilder/EFCoreMiddleTierSecurityOptions/BaseAddress,applicationbuilder,1,False,,,DevExpress.ExpressApp.ApplicationBuilder.EFCoreMiddleTierSecurityOptions.BaseAddressname
data/raw_md/apidoc/DevExpress.ExpressApp.ApplicationBuilder/EFCoreMiddleTierSecurityOptions/BaseAddress,applicationbuilder,1,False,,,DevExpress.ExpressApp.ApplicationBuilder
data/raw_md/apidoc/DevExpress.ExpressApp.ApplicationBuilder/EFCoreMiddleTierSecurityOptions/Events,applicationbuilder,1,False,Entity Framework Core,,"DevExpress.ExpressApp.ApplicationBuilder.EFCoreMiddleTierSecurityEventsdescription, DevExpress.ExpressApp.ApplicationBuilder.EFCoreMiddleTierSecurityOptions.Eventsname, EF Core"
data/raw_md/apidoc/DevExpress.ExpressApp.ApplicationBuilder/EFCoreMiddleTierSecurityOptions/Events,applicationbuilder,1,False,,,DevExpress.ExpressApp.ApplicationBuilder
data/raw_md/apidoc/DevExpress.ExpressApp.ApplicationBuilder/EFCoreMiddleTierSecurityOptions/WaitForMiddleTierServerReady,applicationbuilder,1,False,WinForms,,DevExpress.ExpressApp.ApplicationBuilder.EFCoreMiddleTierSecurityOptions.WaitForMiddleTierServerReadyname
data/raw_md/apidoc/DevExpress.ExpressApp.ApplicationBuilder/EFCoreMiddleTierSecurityOptions/WaitForMiddleTierServerReady_1,applicationbuilder,1,False,WinForms,,DevExpress.ExpressApp.ApplicationBuilder.EFCoreMiddleTierSecurityOptions.WaitForMiddleTierServerReady
data/raw_md/apidoc/DevExpress.ExpressApp.ApplicationBuilder/EFCoreObjectSpaceProviderBuilderExtensions/AddEFCore``1,applicationbuilder,1,False,"Actions, Object Space, WinForms",,"DevExpress.ExpressApp.ApplicationBuilder.AuditedDbContextBuilderExtensions.WithAuditedDbContext0, DevExpress.ExpressApp.ApplicationBuilder.AuditedDbContextConfigurator, DevExpress.ExpressApp.ApplicationBuilder.DbContextBuilder"
data/raw_md/apidoc/DevExpress.ExpressApp.ApplicationBuilder/EFCoreObjectSpaceProviderBuilderExtensions/AddEFCore``1,applicationbuilder,1,False,,,"DevExpress.ExpressApp.ApplicationBuilder, DevExpress.ExpressApp.Win.ApplicationBuilder"
data/raw_md/apidoc/DevExpress.ExpressApp.ApplicationBuilder/EFCoreObjectSpaceProviderBuilderExtensions/AddEFCore``1_1,applicationbuilder,1,False,".NET Runtime, Actions, Blazor UI, Object Space",,"DevExpress.ExpressApp.ApplicationBuilder.AuditedDbContextBuilderExtensions.WithAuditedDbContext0, DevExpress.ExpressApp.ApplicationBuilder.AuditedDbContextServiceBasedConfigurator, DevExpress.ExpressApp.ApplicationBuilder.DbContextServiceBasedBuilder"
data/raw_md/apidoc/DevExpress.ExpressApp.ApplicationBuilder/EFCoreObjectSpaceProviderBuilderExtensions/AddEFCore``1_1,applicationbuilder,1,False,Blazor UI,,"DevExpress.ExpressApp.ApplicationBuilder, DevExpress.ExpressApp.Blazor.ApplicationBuilder"
data/raw_md/apidoc/DevExpress.ExpressApp.ApplicationBuilder/EFCoreObjectSpaceProviderBuilderExtensions/AddEFCore``1_2,applicationbuilder,1,False,".NET Runtime, Actions, Blazor UI, Object Space",,"DevExpress.ExpressApp.ApplicationBuilder.AuditedDbContextBuilderExtensions.WithAuditedDbContext0, DevExpress.ExpressApp.ApplicationBuilder.AuditedDbContextServiceBasedConfigurator, DevExpress.ExpressApp.ApplicationBuilder.DbContextServiceBasedBuilder"
data/raw_md/apidoc/DevExpress.ExpressApp.ApplicationBuilder/EFCoreObjectSpaceProviderBuilderExtensions/AddEFCore``1_2,applicationbuilder,1,False,Blazor UI,,"DevExpress.ExpressApp.ApplicationBuilder, DevExpress.ExpressApp.Blazor.ApplicationBuilder"
data/raw_md/apidoc/DevExpress.ExpressApp.ApplicationBuilder/EFCoreObjectSpaceProviderBuilderExtensions/AddEFCore``1_3,applicationbuilder,1,False,"Actions, Object Space, WinForms",,"DevExpress.ExpressApp.ApplicationBuilder.AuditedDbContextBuilderExtensions.WithAuditedDbContext0, DevExpress.ExpressApp.ApplicationBuilder.AuditedDbContextConfigurator, DevExpress.ExpressApp.ApplicationBuilder.DbContextBuilder"
data/raw_md/apidoc/DevExpress.ExpressApp.ApplicationBuilder/EFCoreObjectSpaceProviderBuilderExtensions/AddEFCore``1_3,applicationbuilder,1,False,,,"DevExpress.ExpressApp.ApplicationBuilder, DevExpress.ExpressApp.Win.ApplicationBuilder"
data/raw_md/apidoc/DevExpress.ExpressApp.ApplicationBuilder/EFCoreObjectSpaceProviderOptionsBuilder/CustomCreateObjectSpaceProvider,applicationbuilder,1,False,"Blazor UI, Object Space, WinForms",,"DevExpress.ExpressApp.ApplicationBuilder.EFCoreObjectSpaceProviderOptionsBuilder.CustomCreateObjectSpaceProvidername, DevExpress.ExpressApp.CustomCreateObjectSpaceProviderContext, DevExpress.ExpressApp.IObjectSpaceProvider"
data/raw_md/apidoc/DevExpress.ExpressApp.ApplicationBuilder/EFCoreObjectSpaceProviderOptionsBuilder/OptimisticLockDetection,applicationbuilder,1,False,,,"DevExpress.ExpressApp.ApplicationBuilder.EFCoreObjectSpaceProviderOptionsBuilder.OptimisticLockDetectionname, DevExpress.ExpressApp.DC.OptimisticLockDetectiondescription"
data/raw_md/apidoc/DevExpress.ExpressApp.ApplicationBuilder/EFCoreObjectSpaceProviderOptionsBuilder/OptimisticLockHandling,applicationbuilder,1,False,,,"DevExpress.ExpressApp.ApplicationBuilder.EFCoreObjectSpaceProviderOptionsBuilder.OptimisticLockHandlingname, DevExpress.ExpressApp.DC.OptimisticLockHandlingdescription"
data/raw_md/apidoc/DevExpress.ExpressApp.ApplicationBuilder/EFCoreObjectSpaceProviderOptionsBuilder/PreFetchReferenceProperties,applicationbuilder,1,False,Reference Property,,"DevExpress.ExpressApp.ApplicationBuilder.EFCoreObjectSpaceProviderOptionsBuilder, DevExpress.ExpressApp.ApplicationBuilder.EFCoreObjectSpaceProviderOptionsBuilder.PreFetchReferenceProperties, DevExpress.ExpressApp.ApplicationBuilder.EFCoreObjectSpaceProviderOptionsBuilderdescription"
data/raw_md/apidoc/DevExpress.ExpressApp.ApplicationBuilder/EFCoreObjectSpaceProviderOptionsBuilder/SchemaUpdateMode,applicationbuilder,1,False,,,"DevExpress.ExpressApp.ApplicationBuilder.EFCoreObjectSpaceProviderOptionsBuilder.SchemaUpdateModename, DevExpress.ExpressApp.EFCore.EFCoreObjectSpaceProvider, DevExpress.ExpressApp.IObjectSpaceProvider.SchemaUpdateMode"
data/raw_md/apidoc/DevExpress.ExpressApp.ApplicationBuilder/ILegacyInitializationXafApplication/ILegacyInitializationXafApplication,applicationbuilder,1,False,".NET Runtime, Blazor UI, Migration, Modules",,"DevExpress.ExpressApp.ApplicationBuilder.ILegacyInitializationXafApplication.InitializeComponent, DevExpress.ExpressApp.ApplicationBuilder.ILegacyInitializationXafApplication._membersaltText, DevExpress.ExpressApp.ApplicationBuilder.ILegacyInitializationXafApplicationname"
data/raw_md/apidoc/DevExpress.ExpressApp.ApplicationBuilder/ILegacyInitializationXafApplication/ILegacyInitializationXafApplication,applicationbuilder,1,False,Blazor UI,,"DevExpress.ExpressApp.ApplicationBuilder, DevExpress.ExpressApp.Blazor.SystemModule.SystemBlazorModule, DevExpress.ExpressApp.SystemModule.SystemModule"
data/raw_md/apidoc/DevExpress.ExpressApp.ApplicationBuilder/ILegacyInitializationXafApplication/ILegacyInitializationXafApplication,applicationbuilder,1,False,,,"DevExpress.ExpressApp.ApplicationBuilder, DevExpress.ExpressApp.SystemModule.SystemModule, DevExpress.ExpressApp.Win.SystemModule.SystemWindowsFormsModule"
data/raw_md/apidoc/DevExpress.ExpressApp.ApplicationBuilder/ILegacyInitializationXafApplication/InitializeComponent,applicationbuilder,1,False,,,"DevExpress.ExpressApp.ApplicationBuilder.ILegacyInitializationXafApplication, DevExpress.ExpressApp.ApplicationBuilder.ILegacyInitializationXafApplication.InitializeComponentname"
data/raw_md/apidoc/DevExpress.ExpressApp.ApplicationBuilder/IMiddleTierClient`1/CreateObjectSpace,applicationbuilder,1,False,Object Space,,"DevExpress.ExpressApp.ApplicationBuilder.IMiddleTierClient, DevExpress.ExpressApp.IObjectSpacedescription, IObjectSpace"
data/raw_md/apidoc/DevExpress.ExpressApp.ApplicationBuilder/IMiddleTierClient`1/IMiddleTierClient`1,applicationbuilder,1,False,Authentication,,"DevExpress.ExpressApp.ApplicationBuilder.IMiddleTierClient, DevExpress.ExpressApp.ApplicationBuilder.MiddleTierClientBuilder1.Build"
data/raw_md/apidoc/DevExpress.ExpressApp.ApplicationBuilder/IMiddleTierClient`1/Security,applicationbuilder,1,False,Security System,,"DevExpress.EntityFrameworkCore.Security.MiddleTier.ClientServer.WebApiMiddleTierClientSecuritydescription, DevExpress.ExpressApp.ApplicationBuilder.IMiddleTierClient, EntityFrameworkCore"
data/raw_md/apidoc/DevExpress.ExpressApp.ApplicationBuilder/IModuleBuilder`1/Add``1,applicationbuilder,1,False,,,DevExpress.ExpressApp.ApplicationBuilder.IModuleBuilder
data/raw_md/apidoc/DevExpress.ExpressApp.ApplicationBuilder/IModuleBuilder`1/Add``1,applicationbuilder,1,False,Modules,,"DevExpress.ExpressApp.ApplicationBuilder, DevExpress.ExpressApp.Win.ApplicationBuilder"
data/raw_md/apidoc/DevExpress.ExpressApp.ApplicationBuilder/IModuleBuilder`1/Add``1,applicationbuilder,1,False,"Blazor UI, Modules",,"DevExpress.ExpressApp.ApplicationBuilder, DevExpress.ExpressApp.Blazor.ApplicationBuilder"
data/raw_md/apidoc/DevExpress.ExpressApp.ApplicationBuilder/IModuleBuilder`1/Add``1_1,applicationbuilder,1,False,Actions,,DevExpress.ExpressApp.ApplicationBuilder.IModuleBuilder
data/raw_md/apidoc/DevExpress.ExpressApp.ApplicationBuilder/IModuleBuilder`1/Add``1_1,applicationbuilder,1,False,Modules,,"DevExpress.ExpressApp.ApplicationBuilder, DevExpress.ExpressApp.Win.ApplicationBuilder"
data/raw_md/apidoc/DevExpress.ExpressApp.ApplicationBuilder/IModuleBuilder`1/Add``1_1,applicationbuilder,1,False,"Blazor UI, Modules",,"DevExpress.ExpressApp.ApplicationBuilder, DevExpress.ExpressApp.Blazor.ApplicationBuilder"
data/raw_md/apidoc/DevExpress.ExpressApp.ApplicationBuilder/IModuleBuilder`1/IModuleBuilder`1,applicationbuilder,1,False,"Blazor UI, Modules",,"DevExpress.ExpressApp.ApplicationBuilder.IModuleBuilder, DevExpress.ExpressApp.Blazor.ApplicationBuilder.IBlazorApplicationBuilder, DevExpress.ExpressApp.Win.ApplicationBuilder.IWinApplicationBuilder"
data/raw_md/apidoc/DevExpress.ExpressApp.ApplicationBuilder/IObjectSpaceProviderBuilder`1/Add,applicationbuilder,1,False,Object Space,,"DevExpress.ExpressApp.ApplicationBuilder.IObjectSpaceProviderBuilder, DevExpress.ExpressApp.CreateCustomObjectSpaceProviderEventArgs, DevExpress.ExpressApp.IObjectSpaceProvider"
data/raw_md/apidoc/DevExpress.ExpressApp.ApplicationBuilder/IObjectSpaceProviderBuilder`1/Add,applicationbuilder,1,False,,,"DevExpress.ExpressApp.ApplicationBuilder, DevExpress.ExpressApp.Win.ApplicationBuilder"
data/raw_md/apidoc/DevExpress.ExpressApp.ApplicationBuilder/IObjectSpaceProviderBuilder`1/IObjectSpaceProviderBuilder`1,applicationbuilder,1,False,"Object Space, WinForms",,"DevExpress.ExpressApp.ApplicationBuilder.IObjectSpaceProviderBuilder, DevExpress.ExpressApp.Win.ApplicationBuilder.IWinApplicationBuilder"
data/raw_md/apidoc/DevExpress.ExpressApp.ApplicationBuilder/IObjectSpaceProviderServiceBasedBuilder`1/Add,applicationbuilder,1,False,"Blazor UI, Object Space",,"DevExpress.ExpressApp.ApplicationBuilder.IObjectSpaceProviderServiceBasedBuilder, DevExpress.ExpressApp.IObjectSpaceProvider"
data/raw_md/apidoc/DevExpress.ExpressApp.ApplicationBuilder/IObjectSpaceProviderServiceBasedBuilder`1/Add,applicationbuilder,1,False,Blazor UI,,"DevExpress.ExpressApp.ApplicationBuilder, DevExpress.ExpressApp.Blazor.ApplicationBuilder"
data/raw_md/apidoc/DevExpress.ExpressApp.ApplicationBuilder/IObjectSpaceProviderServiceBasedBuilder`1/IObjectSpaceProviderServiceBasedBuilder`1,applicationbuilder,1,False,".NET Runtime, Blazor UI, Object Space",,"DevExpress.ExpressApp.ApplicationBuilder.IObjectSpaceProviderServiceBasedBuilder, DevExpress.ExpressApp.Blazor.ApplicationBuilder.IBlazorApplicationBuilder"
data/raw_md/apidoc/DevExpress.ExpressApp.ApplicationBuilder/IXafApplicationBuilder`1/AddBuildStep,applicationbuilder,1,False,"Actions, Blazor UI",,"DevExpress.ExpressApp.ApplicationBuilder.IXafApplicationBuilder, DevExpress.ExpressApp.Blazor.ApplicationBuilder.IBlazorApplicationBuilder, DevExpress.ExpressApp.Win.ApplicationBuilder.IWinApplicationBuilder"
data/raw_md/apidoc/DevExpress.ExpressApp.ApplicationBuilder/IXafApplicationBuilder`1/AddBuildStep,applicationbuilder,1,False,,,"DevExpress.ExpressApp.ApplicationBuilder, DevExpress.ExpressApp.Win.ApplicationBuilder"
data/raw_md/apidoc/DevExpress.ExpressApp.ApplicationBuilder/IXafApplicationBuilder`1/AddBuildStep,applicationbuilder,1,False,Blazor UI,,"DevExpress.ExpressApp.ApplicationBuilder, DevExpress.ExpressApp.Blazor.ApplicationBuilder"
data/raw_md/apidoc/DevExpress.ExpressApp.ApplicationBuilder/IXafApplicationBuilder`1/IXafApplicationBuilder`1,applicationbuilder,1,False,Blazor UI,,"DevExpress.ExpressApp.ApplicationBuilder.IXafApplicationBuilder, DevExpress.ExpressApp.Blazor.ApplicationBuilder.IBlazorApplicationBuilder, DevExpress.ExpressApp.Win.ApplicationBuilder.IWinApplicationBuilder"
data/raw_md/apidoc/DevExpress.ExpressApp.ApplicationBuilder/IXafApplicationBuilder`1/Modules,applicationbuilder,1,False,Modules,,"DevExpress.ExpressApp.ApplicationBuilder.IModuleBuilder, DevExpress.ExpressApp.ApplicationBuilder.IXafApplicationBuilder1"
data/raw_md/apidoc/DevExpress.ExpressApp.ApplicationBuilder/IXafApplicationBuilder`1/Modules,applicationbuilder,1,False,"Modules, WinForms",,"DevExpress.ExpressApp.ApplicationBuilder.IModuleBuilder, DevExpress.ExpressApp.ApplicationBuilder.IXafApplicationBuilder1"
data/raw_md/apidoc/DevExpress.ExpressApp.ApplicationBuilder/IXafApplicationBuilder`1/Modules,applicationbuilder,1,False,Modules,,"DevExpress.ExpressApp.ApplicationBuilder, DevExpress.ExpressApp.Win.ApplicationBuilder"
data/raw_md/apidoc/DevExpress.ExpressApp.ApplicationBuilder/IXafApplicationBuilder`1/Modules,applicationbuilder,1,False,".NET Runtime, Blazor UI, Modules, WinForms",,"DevExpress.ExpressApp.ApplicationBuilder.IModuleBuilder, DevExpress.ExpressApp.ApplicationBuilder.IXafApplicationBuilder1"
data/raw_md/apidoc/DevExpress.ExpressApp.ApplicationBuilder/IXafApplicationBuilder`1/Modules,applicationbuilder,1,False,"Blazor UI, Modules",,"DevExpress.ExpressApp.ApplicationBuilder, DevExpress.ExpressApp.Blazor.ApplicationBuilder"
data/raw_md/apidoc/DevExpress.ExpressApp.ApplicationBuilder/MiddleTierClientBuilder`1/ConfigureDbContext,applicationbuilder,1,False,Actions,,"DevExpress.ExpressApp.ApplicationBuilder.MiddleTierClientBuilder, DevExpress.ExpressApp.ApplicationBuilder.MiddleTierClientBuilder0, EntityFrameworkCore"
data/raw_md/apidoc/DevExpress.ExpressApp.ApplicationBuilder/MiddleTierClientBuilder`1/ConfigureObjectSpaceProvider,applicationbuilder,1,False,Actions,,"DevExpress.ExpressApp.ApplicationBuilder.EFCoreObjectSpaceProviderOptionsBuilder, DevExpress.ExpressApp.ApplicationBuilder.MiddleTierClientBuilder, DevExpress.ExpressApp.ApplicationBuilder.MiddleTierClientBuilder1"
data/raw_md/apidoc/DevExpress.ExpressApp.ApplicationBuilder/MiddleTierClientBuilder`1/ConfigureOptions,applicationbuilder,1,False,"Actions, Entity Framework Core",,"DevExpress.ExpressApp.ApplicationBuilder.EFCoreMiddleTierSecurityOptions, DevExpress.ExpressApp.ApplicationBuilder.MiddleTierClientBuilder, EF Core"
data/raw_md/apidoc/DevExpress.ExpressApp.ApplicationBuilder/MiddleTierClientBuilder`1/ConfigureServices,applicationbuilder,1,False,Actions,,DevExpress.ExpressApp.ApplicationBuilder.MiddleTierClientBuilder
data/raw_md/apidoc/DevExpress.ExpressApp.ApplicationBuilder/MiddleTierClientBuilder`1/MiddleTierClientBuilder`1,applicationbuilder,1,False,Authentication,,"DevExpress.ExpressApp.ApplicationBuilder.MiddleTierClientBuilder, DevExpress.ExpressApp.ApplicationBuilder.MiddleTierClientBuilderDbContext"
data/raw_md/apidoc/DevExpress.ExpressApp.ApplicationBuilder/MiddleTierClientBuilder`1/UsePasswordAuthentication,applicationbuilder,1,False,"Actions, Authentication",,"DevExpress.ExpressApp.ApplicationBuilder.MiddleTierClientBuilder, DevExpress.ExpressApp.Security.IAuthenticationStandardLogonParameters"
data/raw_md/apidoc/DevExpress.ExpressApp.ApplicationBuilder/MiddleTierClientBuilder`1/UsePasswordAuthentication_1,applicationbuilder,1,False,Authentication,,DevExpress.ExpressApp.ApplicationBuilder.MiddleTierClientBuilder
data/raw_md/apidoc/DevExpress.ExpressApp.ApplicationBuilder/MiddleTierClientBuilder`1/UseServer,applicationbuilder,1,False,Authentication,,DevExpress.ExpressApp.ApplicationBuilder.MiddleTierClientBuilder
data/raw_md/apidoc/DevExpress.ExpressApp.ApplicationBuilder/MiddleTierClientBuilder`1/UseTokenAuthentication,applicationbuilder,1,False,Authentication,,DevExpress.ExpressApp.ApplicationBuilder.MiddleTierClientBuilder
data/raw_md/apidoc/DevExpress.ExpressApp.ApplicationBuilder/MiddleTierClientBuilder`1/UseTokenAuthentication_1,applicationbuilder,1,False,Authentication,,DevExpress.ExpressApp.ApplicationBuilder.MiddleTierClientBuilder
data/raw_md/apidoc/DevExpress.ExpressApp.ApplicationBuilder/MiddleTierClientBuilder`1/UseTokenAuthentication_2,applicationbuilder,1,False,Authentication,,DevExpress.ExpressApp.ApplicationBuilder.MiddleTierClientBuilder
data/raw_md/apidoc/DevExpress.ExpressApp.ApplicationBuilder/MiddleTierClientBuilder`1/UseWindowsAuthentication,applicationbuilder,1,False,Authentication,,DevExpress.ExpressApp.ApplicationBuilder.MiddleTierClientBuilder
data/raw_md/apidoc/DevExpress.ExpressApp.ApplicationBuilder/MiddleTierSecurityEvents/CustomCreateObjectSpaceProvider,applicationbuilder,1,False,"Object Space, WinForms",,"DevExpress.ExpressApp.ApplicationBuilder.MiddleTierSecurityEvents.CustomCreateObjectSpaceProvidername, DevExpress.ExpressApp.CustomCreateObjectSpaceProviderContext, DevExpress.ExpressApp.IObjectSpaceProvider"
data/raw_md/apidoc/DevExpress.ExpressApp.ApplicationBuilder/MiddleTierSecurityEvents/CustomCreateObjectSpaceProvider,applicationbuilder,1,False,,,
data/raw_md/apidoc/DevExpress.ExpressApp.ApplicationBuilder/MiddleTierSecurityEvents/OnCustomAuthenticate,applicationbuilder,1,False,"Actions, Authentication",,"DevExpress.ExpressApp.ApplicationBuilder.MiddleTierSecurityEvents.OnCustomAuthenticatename, DevExpress.ExpressApp.Security.ClientServer.WebApiSecuredDataServerClientCustomAuthenticateEventArgs, DevExpress.ExpressApp.Security.ISecurityStrategyBase"
data/raw_md/apidoc/DevExpress.ExpressApp.ApplicationBuilder/MiddleTierSecurityEvents/OnCustomAuthenticate,applicationbuilder,1,False,,,"DevExpress.ExpressApp.ApplicationBuilder, DevExpress.ExpressApp.Win.ApplicationBuilder"
data/raw_md/apidoc/DevExpress.ExpressApp.ApplicationBuilder/MiddleTierSecurityEvents/OnCustomCreateHttpClient,applicationbuilder,1,False,".NET Runtime, WinForms",,DevExpress.ExpressApp.ApplicationBuilder.MiddleTierSecurityEvents.OnCustomCreateHttpClientname
data/raw_md/apidoc/DevExpress.ExpressApp.ApplicationBuilder/MiddleTierSecurityEvents/OnCustomCreateHttpClient,applicationbuilder,1,False,,,"DevExpress.ExpressApp.ApplicationBuilder, DevExpress.ExpressApp.Win.ApplicationBuilder"
data/raw_md/apidoc/DevExpress.ExpressApp.ApplicationBuilder/MiddleTierSecurityEvents/OnHttpClientCreated,applicationbuilder,1,False,".NET Runtime, Actions, WinForms",,DevExpress.ExpressApp.ApplicationBuilder.MiddleTierSecurityEvents.OnHttpClientCreatedname
data/raw_md/apidoc/DevExpress.ExpressApp.ApplicationBuilder/MiddleTierSecurityEvents/OnHttpClientCreated,applicationbuilder,1,False,,,"DevExpress.ExpressApp.ApplicationBuilder, DevExpress.ExpressApp.Win.ApplicationBuilder"
data/raw_md/apidoc/DevExpress.ExpressApp.ApplicationBuilder/MiddleTierSecurityOptions/BaseAddress,applicationbuilder,1,False,,,DevExpress.ExpressApp.ApplicationBuilder.MiddleTierSecurityOptions.BaseAddressname
data/raw_md/apidoc/DevExpress.ExpressApp.ApplicationBuilder/MiddleTierSecurityOptions/BaseAddress,applicationbuilder,1,False,,,"DevExpress.ExpressApp.ApplicationBuilder, DevExpress.ExpressApp.Win.ApplicationBuilder"
data/raw_md/apidoc/DevExpress.ExpressApp.ApplicationBuilder/MiddleTierSecurityOptions/Events,applicationbuilder,1,False,XPO,,"DevExpress.ExpressApp.ApplicationBuilder.MiddleTierSecurityEventsdescription, DevExpress.ExpressApp.ApplicationBuilder.MiddleTierSecurityOptions.Eventsname, XPO"
data/raw_md/apidoc/DevExpress.ExpressApp.ApplicationBuilder/MiddleTierSecurityOptions/Events,applicationbuilder,1,False,,,"DevExpress.ExpressApp.ApplicationBuilder, DevExpress.ExpressApp.Win.ApplicationBuilder"
data/raw_md/apidoc/DevExpress.ExpressApp.ApplicationBuilder/MiddleTierSecurityOptions/WaitForMiddleTierServerReady,applicationbuilder,1,False,WinForms,,DevExpress.ExpressApp.ApplicationBuilder.MiddleTierSecurityOptions.WaitForMiddleTierServerReadyname
data/raw_md/apidoc/DevExpress.ExpressApp.ApplicationBuilder/MiddleTierSecurityOptions/WaitForMiddleTierServerReady_1,applicationbuilder,1,False,WinForms,,DevExpress.ExpressApp.ApplicationBuilder.MiddleTierSecurityOptions.WaitForMiddleTierServerReady
data/raw_md/apidoc/DevExpress.ExpressApp.ApplicationBuilder/ModelDifferencesOptions/ContextId,applicationbuilder,1,False,"Blazor UI, WinForms",,"DevExpress.ExpressApp.ApplicationBuilder.ModelDifferencesOptions.ContextIdname, DevExpress.Persistent.BaseImpl.ModelDifference"
data/raw_md/apidoc/DevExpress.ExpressApp.ApplicationBuilder/ModelDifferencesOptions/ModuleType,applicationbuilder,1,False,Application Model,,DevExpress.ExpressApp.ApplicationBuilder.ModelDifferencesOptions.ModuleTypename
data/raw_md/apidoc/DevExpress.ExpressApp.ApplicationBuilder/ModelDifferencesOptions/ProductionModelResourceName,applicationbuilder,1,False,"Application Model, Tenant",,DevExpress.ExpressApp.ApplicationBuilder.ModelDifferencesOptions.ProductionModelResourceNamename
data/raw_md/apidoc/DevExpress.ExpressApp.ApplicationBuilder/ModelDifferencesOptions/ServiceModelResourceName,applicationbuilder,1,False,"Application Model, Tenant",,DevExpress.ExpressApp.ApplicationBuilder.ModelDifferencesOptions.ServiceModelResourceNamename
data/raw_md/apidoc/DevExpress.ExpressApp.ApplicationBuilder/ModelDifferencesOptions/UseTenantSpecificModel,applicationbuilder,1,False,,,DevExpress.ExpressApp.ApplicationBuilder.ModelDifferencesOptions.UseTenantSpecificModelname
data/raw_md/apidoc/DevExpress.ExpressApp.ApplicationBuilder/NonPersistentObjectSpaceProviderBuilderExtensions/AddNonPersistent``1,applicationbuilder,1,False,".NET Runtime, Actions, Blazor UI, Object Space",,"DevExpress.ExpressApp.ApplicationBuilder.IObjectSpaceProviderServiceBasedBuilder, DevExpress.ExpressApp.ApplicationBuilder.NonPersistentObjectSpaceProviderBuilderExtensions.AddNonPersistent0, DevExpress.ExpressApp.ApplicationBuilder.NonPersistentObjectSpaceProviderOptions"
data/raw_md/apidoc/DevExpress.ExpressApp.ApplicationBuilder/NonPersistentObjectSpaceProviderBuilderExtensions/AddNonPersistent``1,applicationbuilder,1,False,Blazor UI,,"DevExpress.ExpressApp.ApplicationBuilder, DevExpress.ExpressApp.Blazor.ApplicationBuilder"
data/raw_md/apidoc/DevExpress.ExpressApp.ApplicationBuilder/NonPersistentObjectSpaceProviderBuilderExtensions/AddNonPersistent``1_1,applicationbuilder,1,False,"Actions, Object Space, WinForms",,"DevExpress.ExpressApp.ApplicationBuilder.IObjectSpaceProviderBuilder, DevExpress.ExpressApp.ApplicationBuilder.NonPersistentObjectSpaceProviderBuilderExtensions.AddNonPersistent0, DevExpress.ExpressApp.ApplicationBuilder.NonPersistentObjectSpaceProviderOptions"
data/raw_md/apidoc/DevExpress.ExpressApp.ApplicationBuilder/NonPersistentObjectSpaceProviderBuilderExtensions/AddNonPersistent``1_1,applicationbuilder,1,False,,,"DevExpress.ExpressApp.ApplicationBuilder, DevExpress.ExpressApp.Win.ApplicationBuilder"
data/raw_md/apidoc/DevExpress.ExpressApp.ApplicationBuilder/NonPersistentObjectSpaceProviderOptions/CustomCreateObjectSpaceProvider,applicationbuilder,1,False,"Blazor UI, Non-Persistent Objects, Object Space, WinForms",,"DevExpress.ExpressApp.ApplicationBuilder.NonPersistentObjectSpaceProviderOptions.CustomCreateObjectSpaceProvidername, DevExpress.ExpressApp.CustomCreateObjectSpaceProviderContext, DevExpress.ExpressApp.IObjectSpaceProvider"
data/raw_md/apidoc/DevExpress.ExpressApp.ApplicationBuilder/ObjectCloningApplicationBuilderExtensions/AddCloning``1,applicationbuilder,1,False,Actions,,"DevExpress.ExpressApp.ApplicationBuilder.IModuleBuilder, DevExpress.ExpressApp.ApplicationBuilder.ObjectCloningApplicationBuilderExtensions.AddCloning0, DevExpress.ExpressApp.CloneObject.ObjectCloningOptions"
data/raw_md/apidoc/DevExpress.ExpressApp.ApplicationBuilder/ObjectCloningApplicationBuilderExtensions/AddCloning``1,applicationbuilder,1,False,"Blazor UI, Modules",,"DevExpress.ExpressApp.ApplicationBuilder, DevExpress.ExpressApp.Blazor.ApplicationBuilder"
data/raw_md/apidoc/DevExpress.ExpressApp.ApplicationBuilder/ObjectCloningApplicationBuilderExtensions/AddCloning``1,applicationbuilder,1,False,Modules,,"DevExpress.ExpressApp.ApplicationBuilder, DevExpress.ExpressApp.Win.ApplicationBuilder"
data/raw_md/apidoc/DevExpress.ExpressApp.ApplicationBuilder/SecuredEFCoreObjectSpaceProviderBuilderExtensions/AddSecuredEFCore``1,applicationbuilder,1,False,".NET Runtime, Actions, Blazor UI, Object Space",,"DevExpress.EntityFrameworkCore.Security.SecuredEFCoreObjectSpaceProvider, DevExpress.ExpressApp.ApplicationBuilder.AuditedDbContextBuilderExtensions.WithAuditedDbContext0, DevExpress.ExpressApp.ApplicationBuilder.AuditedDbContextServiceBasedConfigurator"
data/raw_md/apidoc/DevExpress.ExpressApp.ApplicationBuilder/SecuredEFCoreObjectSpaceProviderBuilderExtensions/AddSecuredEFCore``1,applicationbuilder,1,False,Blazor UI,,"DevExpress.ExpressApp.ApplicationBuilder, DevExpress.ExpressApp.Blazor.ApplicationBuilder"
data/raw_md/apidoc/DevExpress.ExpressApp.ApplicationBuilder/SecuredEFCoreObjectSpaceProviderBuilderExtensions/AddSecuredEFCore``1_1,applicationbuilder,1,False,"Actions, Object Space, WinForms",,"DevExpress.EntityFrameworkCore.Security.SecuredEFCoreObjectSpace, DevExpress.ExpressApp.ApplicationBuilder.AuditedDbContextBuilderExtensions.WithAuditedDbContext0, DevExpress.ExpressApp.ApplicationBuilder.AuditedDbContextConfigurator"
data/raw_md/apidoc/DevExpress.ExpressApp.ApplicationBuilder/SecuredEFCoreObjectSpaceProviderBuilderExtensions/AddSecuredEFCore``1_1,applicationbuilder,1,False,,,"DevExpress.ExpressApp.ApplicationBuilder, DevExpress.ExpressApp.Win.ApplicationBuilder"
data/raw_md/apidoc/DevExpress.ExpressApp.ApplicationBuilder/SecuredEFCoreObjectSpaceProviderBuilderExtensions/AddSecuredEFCore``1_2,applicationbuilder,1,False,".NET Runtime, Actions, Blazor UI, Object Space",,"DevExpress.EntityFrameworkCore.Security.SecuredEFCoreObjectSpaceProvider, DevExpress.ExpressApp.ApplicationBuilder.AuditedDbContextBuilderExtensions.WithAuditedDbContext0, DevExpress.ExpressApp.ApplicationBuilder.AuditedDbContextServiceBasedConfigurator"
data/raw_md/apidoc/DevExpress.ExpressApp.ApplicationBuilder/SecuredEFCoreObjectSpaceProviderBuilderExtensions/AddSecuredEFCore``1_2,applicationbuilder,1,False,Blazor UI,,"DevExpress.ExpressApp.ApplicationBuilder, DevExpress.ExpressApp.Blazor.ApplicationBuilder"
data/raw_md/apidoc/DevExpress.ExpressApp.ApplicationBuilder/SecuredEFCoreObjectSpaceProviderBuilderExtensions/AddSecuredEFCore``1_3,applicationbuilder,1,False,"Actions, Object Space, WinForms",,"DevExpress.EntityFrameworkCore.Security.SecuredEFCoreObjectSpace, DevExpress.ExpressApp.ApplicationBuilder.AuditedDbContextBuilderExtensions.WithAuditedDbContext0, DevExpress.ExpressApp.ApplicationBuilder.AuditedDbContextConfigurator"
data/raw_md/apidoc/DevExpress.ExpressApp.ApplicationBuilder/SecuredEFCoreObjectSpaceProviderBuilderExtensions/AddSecuredEFCore``1_3,applicationbuilder,1,False,,,"DevExpress.ExpressApp.ApplicationBuilder, DevExpress.ExpressApp.Win.ApplicationBuilder"
data/raw_md/apidoc/DevExpress.ExpressApp.Win.ApplicationBuilder/ChartsApplicationBuilderExtensions/AddCharts,applicationbuilder,1,False,Modules,,"DevExpress.ExpressApp.ApplicationBuilder, DevExpress.ExpressApp.Win.ApplicationBuilder"
data/raw_md/apidoc/DevExpress.ExpressApp.ApplicationBuilder/XPObjectSpaceProviderOptions/CustomCreateObjectSpaceProvider,applicationbuilder,1,False,,,
data/raw_md/apidoc/DevExpress.ExpressApp.ApplicationBuilder/XPObjectSpaceProviderOptions/CustomCreateObjectSpaceProvider,applicationbuilder,1,False,,,
data/raw_md/apidoc/DevExpress.EasyTest.Framework/BlazorApplicationOptions/Configuration,configuration,1,False,Testing,,DevExpress.EasyTest.Framework.BlazorApplicationOptions.Configurationname
data/raw_md/apidoc/DevExpress.ExpressApp.ApplicationBuilder/XPObjectSpaceProviderOptions/SchemaUpdateMode,applicationbuilder,1,False,XPO,,"DevExpress.ExpressApp.ApplicationBuilder.XPObjectSpaceProviderOptions.SchemaUpdateModename, DevExpress.ExpressApp.SchemaUpdateModedescription, DevExpress.ExpressApp.Xpo.XPObjectSpaceProvider.SchemaUpdateMode"
data/raw_md/apidoc/DevExpress.ExpressApp.ApplicationBuilder/XPObjectSpaceProviderOptions/UseCustomDataStoreProvider,applicationbuilder,1,False,XPO,,"DevExpress.ExpressApp.ApplicationBuilder.XPObjectSpaceProviderOptions.ConnectionString, DevExpress.ExpressApp.ApplicationBuilder.XPObjectSpaceProviderOptions.UseCustomDataStoreProvider, DevExpress.ExpressApp.ApplicationBuilder.XPObjectSpaceProviderOptions.UseSharedDataStoreProvider"
data/raw_md/apidoc/DevExpress.ExpressApp.ApplicationBuilder/XPObjectSpaceProviderOptions/UseSharedDataStoreProvider,applicationbuilder,1,False,"Object Space, XPO",,"DevExpress.ExpressApp.ApplicationBuilder.XPObjectSpaceProviderOptions.UseCustomDataStoreProvider, DevExpress.ExpressApp.ApplicationBuilder.XPObjectSpaceProviderOptions.UseSharedDataStoreProvidername, DevExpress.ExpressApp.Xpo.IXpoDataStoreProvider"
data/raw_md/apidoc/DevExpress.ExpressApp/IObjectSpaceProvider/ConnectionString1132832,connectionstring,1,False,"Database Connection, Object Space",,DevExpress.ExpressApp.IObjectSpaceProvider.ConnectionStringname
data/raw_md/apidoc/DevExpress.ExpressApp/ModuleBase/GetStartupActions1130586,startup,1,False,"Actions, Views",,"DevExpress.ExpressApp.Actions.PopupWindowShowAction, DevExpress.ExpressApp.ModuleBase.GetStartupActionsname"
data/raw_md/apidoc/DevExpress.ExpressApp/ModuleBase/GetStartupActions1130586,startup,1,False,"Actions, Object Space",,"DevExpress.ExpressApp.Actions, IObjectSpace, objectSpace"
data/raw_md/apidoc/DevExpress.ExpressApp/ModuleBase/GetStartupActions1130586,startup,1,False,"Actions, Object Space, Security System, WinForms",,"DevExpress.ExpressApp.Actions, IObjectSpace, objectSpace"
data/raw_md/apidoc/DevExpress.ExpressApp/ModuleBase/GetStartupActions1130586,startup,1,False,,,
data/raw_md/apidoc/DevExpress.ExpressApp/WebMessageOptions/ToastConfiguration1195264,configuration,1,False,,,DevExpress.ExpressApp.WebMessageOptions.ToastConfigurationname
data/raw_md/apidoc/DevExpress.ExpressApp/XafApplication/ConnectionString1130235,connectionstring,1,False,"Database Connection, Template Kit, WinForms, XAF Application",,DevExpress.ExpressApp.XafApplication.ConnectionStringname
data/raw_md/apidoc/DevExpress.ExpressApp/XafApplication/ConnectionString1130235,connectionstring,1,False,".NET Runtime, Blazor UI, Database Connection, WinForms",,
data/raw_md/apidoc/DevExpress.ExpressApp.ApplicationBuilder/SecuredObjectSpaceProviderBuilderExtensions/AddSecuredXpo``1,applicationbuilder,1,False,".NET Runtime, Actions, Blazor UI, Object Space",,"DevExpress.ExpressApp.ApplicationBuilder.IObjectSpaceProviderServiceBasedBuilder, DevExpress.ExpressApp.ApplicationBuilder.SecuredObjectSpaceProviderBuilderExtensions.AddSecuredXpo0, DevExpress.ExpressApp.ApplicationBuilder.SecuredXPObjectSpaceProviderOptions"
data/raw_md/apidoc/DevExpress.ExpressApp.Win.ApplicationBuilder/ChartsApplicationBuilderExtensions/AddCharts,applicationbuilder,1,False,,,"DevExpress.ExpressApp.ApplicationBuilder.IModuleBuilder, DevExpress.ExpressApp.Win.ApplicationBuilder.ChartsApplicationBuilderExtensions.AddCharts, DevExpress.ExpressApp.Win.ApplicationBuilder.IWinApplicationBuilder"
data/raw_md/apidoc/DevExpress.ExpressApp.Win.ApplicationBuilder/DashboardsApplicationBuilderExtensions/AddDashboards,applicationbuilder,1,False,"Actions, Dashboards",,"DevExpress.ExpressApp.ApplicationBuilder.IModuleBuilder, DevExpress.ExpressApp.Dashboards.Win.DashboardsOptions, DevExpress.ExpressApp.Win.ApplicationBuilder.DashboardsApplicationBuilderExtensions.AddDashboards"
data/raw_md/apidoc/DevExpress.ExpressApp.Win.ApplicationBuilder/EFCoreMiddleTierSecurityExtensions/UseMiddleTierMode,applicationbuilder,1,False,"Actions, Entity Framework Core, Security System",,"DevExpress.ExpressApp.ApplicationBuilder.EFCoreMiddleTierSecurityOptions, DevExpress.ExpressApp.Security.SecurityModuleOptions, DevExpress.ExpressApp.Win.ApplicationBuilder.EFCoreMiddleTierSecurityExtensions.UseMiddleTierMode"
data/raw_md/apidoc/DevExpress.ExpressApp.Win.ApplicationBuilder/EFCoreMiddleTierSecurityExtensions/UseMiddleTierMode,applicationbuilder,1,False,,,"DevExpress.ExpressApp.ApplicationBuilder, DevExpress.ExpressApp.Win.ApplicationBuilder"
data/raw_md/apidoc/DevExpress.ExpressApp.Win.ApplicationBuilder/FileAttachmentsApplicationBuilderExtensions/AddFileAttachments,applicationbuilder,1,False,Actions,,"DevExpress.ExpressApp.ApplicationBuilder.IModuleBuilder, DevExpress.ExpressApp.FileAttachments.Win.FileAttachmentsOptions, DevExpress.ExpressApp.Win.ApplicationBuilder.FileAttachmentsApplicationBuilderExtensions.AddFileAttachments"
data/raw_md/apidoc/DevExpress.ExpressApp.Xpo/XPObjectSpaceProvider/ConnectionString1189064,connectionstring,1,False,"Database Connection, Object Space, XPO",,"DevExpress.ExpressApp.Xpo.XPObjectSpaceProvider.ConnectionStringname, Xpo"
data/raw_md/apidoc/DevExpress.ExpressApp.Win.ApplicationBuilder/IWinApplicationBuilder/IWinApplicationBuilder,applicationbuilder,1,False,"Modules, Security System, WinForms",,"DevExpress.ExpressApp.Win.ApplicationBuilder.IWinApplicationBuilder._membersaltText, DevExpress.ExpressApp.Win.ApplicationBuilder.IWinApplicationBuildername"
data/raw_md/apidoc/DevExpress.ExpressApp.Win.ApplicationBuilder/IWinApplicationBuilder/ObjectSpaceProviders,applicationbuilder,1,False,,,"DevExpress.ExpressApp.ApplicationBuilder.IObjectSpaceProviderBuilder, DevExpress.ExpressApp.Win.ApplicationBuilder.IWinApplicationBuilder, DevExpress.ExpressApp.Win.ApplicationBuilder.IWinApplicationBuilder.ObjectSpaceProvidersname"
data/raw_md/apidoc/DevExpress.ExpressApp.Win.ApplicationBuilder/IWinApplicationBuilder/ObjectSpaceProviders,applicationbuilder,1,False,,,"DevExpress.ExpressApp.ApplicationBuilder, DevExpress.ExpressApp.Win.ApplicationBuilder"
data/raw_md/apidoc/DevExpress.ExpressApp.Win.ApplicationBuilder/IWinApplicationBuilder/Security,applicationbuilder,1,False,Security System,,"DevExpress.ExpressApp.Win.ApplicationBuilder.IWinApplicationBuilder.Securityname, DevExpress.ExpressApp.Win.ApplicationBuilder.IWinSecurityBuilderdescription"
data/raw_md/apidoc/DevExpress.ExpressApp.Win.ApplicationBuilder/IWinApplicationBuilder/Security,applicationbuilder,1,False,,,"DevExpress.ExpressApp.ApplicationBuilder, DevExpress.ExpressApp.Win.ApplicationBuilder, PermissionPolicyRole"
data/raw_md/apidoc/DevExpress.ExpressApp.Win.ApplicationBuilder/IWinAuthenticationBuilder/IWinAuthenticationBuilder,applicationbuilder,1,False,"Security System, WinForms",,"DevExpress.ExpressApp.Win.ApplicationBuilder.IWinAuthenticationBuilder._membersaltText, DevExpress.ExpressApp.Win.ApplicationBuilder.IWinAuthenticationBuildername"
data/raw_md/apidoc/DevExpress.ExpressApp.Win.ApplicationBuilder/IWinSecurityBuilder/UseIntegratedMode,applicationbuilder,1,False,"Actions, Security System",,"DevExpress.ExpressApp.Security.SecurityModuleOptions, DevExpress.ExpressApp.Security.SecurityOptions, DevExpress.ExpressApp.Win.ApplicationBuilder.IWinAuthenticationBuilderdescription"
data/raw_md/apidoc/DevExpress.ExpressApp.Win.ApplicationBuilder/IWinSecurityBuilder/UseIntegratedMode,applicationbuilder,1,False,,,"DevExpress.ExpressApp.ApplicationBuilder, DevExpress.ExpressApp.Win.ApplicationBuilder, PermissionPolicyRole"
data/raw_md/apidoc/DevExpress.ExpressApp.Win.ApplicationBuilder/AuditTrailXpoApplicationBuilderExtensions/AddAuditTrailXpo``1,applicationbuilder,1,False,"Actions, Audit Trail, XPO",,"DevExpress.ExpressApp.ApplicationBuilder.IModuleBuilder, DevExpress.ExpressApp.AuditTrail.AuditTrailOptions, DevExpress.ExpressApp.Win.ApplicationBuilder.AuditTrailXpoApplicationBuilderExtensions.AddAuditTrailXpo0"
data/raw_md/apidoc/DevExpress.ExpressApp.ApplicationBuilder/XPObjectSpaceProviderOptions/CustomCreateObjectSpaceProvider,applicationbuilder,1,False,"Blazor UI, Object Space, WinForms",,"DevExpress.ExpressApp.ApplicationBuilder.XPObjectSpaceProviderOptions.CustomCreateObjectSpaceProvidername, DevExpress.ExpressApp.CustomCreateObjectSpaceProviderContext, DevExpress.ExpressApp.IObjectSpaceProvider"
